Date,외국인_보유금액,외환보유액,FTSE,MSCI,외평채_2013,외평채_2014_04,외평채_2014_09,외평채_2015,외평채_2016,외평채_2019,외평채_2023,외평채_2024,외평채_2027,외평채_2028,외평채_2029,외평채_2044,외평채_2048,국고채_3년,국고채_5년,국고채_10년,회사채_3년,CD,콜금리,기준금리,연준금리,AAII,VIX
200408월,165.6,1705.0,103.86,237.37,69.0,0.0,0.0,0.0,0.0,0.0,0.0,0.0,0.0,0.0,0.0,0.0,0.0,3.82,4.01,4.33,4.38,3.7,3.6,3.5,1.429,2.975,15.29
200409월,173.1,1745.0,107.45,245.87,75.0,0.0,97.0,0.0,0.0,0.0,0.0,0.0,0.0,0.0,0.0,0.0,0.0,3.59,3.75,4.14,4.1,3.52,3.52,3.5,1.605,15.94,13.34
200410월,171.3,1784.0,107.08,243.79,56.0,0.0,73.0,0.0,0.0,0.0,0.0,0.0,0.0,0.0,0.0,0.0,0.0,3.54,3.67,4.05,4.01,3.52,3.52,3.5,1.76,19.5,16.27
200411월,179.1,1926.0,111.54,252.75,62.0,0.0,85.0,0.0,0.0,0.0,0.0,0.0,0.0,0.0,0.0,0.0,0.0,3.42,3.53,3.96,3.86,3.42,3.34,3.25,1.932,34.9,13.24
200412월,179.7,1991.0,113.59,256.4,66.0,0.0,82.0,0.0,0.0,0.0,0.0,0.0,0.0,0.0,0.0,0.0,0.0,3.28,3.39,3.85,3.73,3.39,3.27,3.25,2.156,34.6,13.29
200501월,190.4,1997.0,117.43,269.87,61.0,0.0,72.0,0.0,0.0,0.0,0.0,0.0,0.0,0.0,0.0,0.0,0.0,3.65,3.89,4.42,4.11,3.47,3.26,3.25,2.279,-3.075,12.82
200502월,206.4,2022.0,127.22,290.05,61.0,0.0,70.0,0.0,0.0,0.0,0.0,0.0,0.0,0.0,0.0,0.0,0.0,4.19,4.47,4.88,4.63,3.59,3.26,3.25,2.501,11.0,12.08
200503월,195.0,2055.0,120.84,275.98,74.0,0.0,83.0,0.0,0.0,0.0,0.0,0.0,0.0,0.0,0.0,0.0,0.0,4.04,4.29,4.77,4.48,3.55,3.24,3.25,2.629,-0.82,14.02
200504월,182.6,2064.0,112.99,257.79,78.0,0.0,85.0,0.0,0.0,0.0,0.0,0.0,0.0,0.0,0.0,0.0,0.0,3.86,4.11,4.69,4.28,3.52,3.25,3.25,2.784,-10.6,15.31
200505월,194.0,2061.0,120.01,273.48,71.0,0.0,77.0,0.0,0.0,0.0,0.0,0.0,0.0,0.0,0.0,0.0,0.0,3.71,3.89,4.42,4.12,3.51,3.29,3.25,3.002,2.225,13.29
200506월,200.7,2050.0,123.44,281.07,64.0,0.0,73.0,0.0,0.0,0.0,0.0,0.0,0.0,0.0,0.0,0.0,0.0,3.79,3.97,4.46,4.18,3.51,3.27,3.25,3.035,25.92,12.04
200507월,223.8,2057.0,137.45,313.56,60.0,0.0,68.0,0.0,0.0,0.0,0.0,0.0,0.0,0.0,0.0,0.0,0.0,4.12,4.39,4.89,4.52,3.51,3.24,3.25,3.262,30.025,11.57
200508월,218.9,2067.0,134.56,307.52,63.0,0.0,74.0,0.0,0.0,0.0,0.0,0.0,0.0,0.0,0.0,0.0,0.0,4.33,4.67,5.08,4.75,3.5,3.24,3.25,3.499,6.575,12.6
200509월,244.0,2067.0,151.19,345.21,57.0,0.0,68.0,0.0,0.0,0.0,0.0,0.0,0.0,0.0,0.0,0.0,0.0,4.52,4.81,5.15,4.92,3.7,3.24,3.25,3.622,5.26,11.92
200510월,229.2,2073.0,142.12,324.28,62.0,0.0,72.0,23.0,0.0,0.0,0.0,0.0,0.0,0.0,0.0,0.0,0.0,4.81,5.06,5.36,5.2,3.93,3.45,3.5,3.779,1.65,15.32
200511월,254.5,2082.0,158.61,360.28,65.0,0.0,74.0,25.0,0.0,0.0,0.0,0.0,0.0,0.0,0.0,0.0,0.0,5.1,5.39,5.68,5.5,3.96,3.49,3.5,3.999,31.025,12.06
200512월,270.2,2104.0,170.85,386.26,67.0,0.0,74.0,23.0,0.0,0.0,0.0,0.0,0.0,0.0,0.0,0.0,0.0,5.06,5.33,5.6,5.49,4.04,3.7,3.75,4.157,19.42,12.07
200601월,281.7,2169.0,176.16,398.14,64.0,0.0,65.0,18.0,0.0,0.0,0.0,0.0,0.0,0.0,0.0,0.0,0.0,5.02,5.29,5.58,5.5,4.15,3.74,3.75,4.285,12.65,12.95
200602월,276.9,2160.0,171.3,387.84,62.0,0.0,63.0,15.0,0.0,0.0,0.0,0.0,0.0,0.0,0.0,0.0,0.0,4.87,5.03,5.28,5.33,4.25,3.92,4.0,4.491,9.075,12.34
200603월,277.2,2173.0,170.44,386.03,76.0,0.0,75.0,19.0,0.0,0.0,0.0,0.0,0.0,0.0,0.0,0.0,0.0,4.93,5.13,5.42,5.3,4.27,3.97,4.0,4.589,11.4,11.39
200604월,287.5,2229.0,178.12,400.15,65.0,0.0,65.0,22.0,0.0,0.0,0.0,0.0,0.0,0.0,0.0,0.0,0.0,4.95,5.16,5.45,5.24,4.33,3.97,4.0,4.79,10.25,11.59
200605월,264.6,2247.0,165.18,370.41,67.0,0.0,70.0,24.0,0.0,0.0,0.0,0.0,0.0,0.0,0.0,0.0,0.0,4.78,4.93,5.2,5.05,4.36,3.96,4.0,4.94,5.75,16.44
200606월,259.0,2244.0,162.68,365.32,80.0,0.0,81.0,24.0,0.0,0.0,0.0,0.0,0.0,0.0,0.0,0.0,0.0,4.89,5.03,5.25,5.17,4.47,4.17,4.25,4.991,-15.02,13.08
200607월,256.5,2257.0,164.19,367.0,71.0,0.0,73.0,20.0,0.0,0.0,0.0,0.0,0.0,0.0,0.0,0.0,0.0,4.89,5.0,5.16,5.18,4.63,4.21,4.25,5.235,-12.475,14.95
200608월,261.9,2270.0,169.7,378.38,69.0,0.0,70.0,19.0,0.0,0.0,0.0,0.0,0.0,0.0,0.0,0.0,0.0,4.77,4.83,4.94,5.1,4.68,4.42,4.5,5.246,-1.66,12.31
200609월,263.4,2282.0,172.49,383.95,68.0,0.0,69.0,17.0,0.0,0.0,0.0,0.0,0.0,0.0,0.0,0.0,0.0,4.69,4.76,4.89,5.02,4.64,4.47,4.5,5.254,13.65,11.98
200610월,260.8,2295.0,171.06,380.6,67.0,0.0,67.0,17.0,0.0,0.0,0.0,0.0,0.0,0.0,0.0,0.0,0.0,4.62,4.67,4.79,4.93,4.57,4.48,4.5,5.245,12.1,11.1
200611월,271.0,2343.0,178.39,396.38,64.0,0.0,68.0,17.0,0.0,0.0,0.0,0.0,0.0,0.0,0.0,0.0,0.0,4.72,4.79,4.91,5.05,4.6,4.47,4.5,5.245,7.94,10.91
200612월,272.8,2390.0,178.26,395.18,60.0,0.0,64.0,23.0,70.0,0.0,0.0,0.0,0.0,0.0,0.0,0.0,0.0,4.82,4.88,4.95,5.18,4.76,4.5,4.5,5.238,1.775,11.56
200701월,277.6,2402.0,170.96,379.3,66.0,0.0,66.0,19.0,72.0,0.0,0.0,0.0,0.0,0.0,0.0,0.0,0.0,4.97,5.0,5.04,5.32,4.92,4.63,4.5,5.248,16.675,10.42
200702월,291.8,2428.0,178.59,395.57,64.0,0.0,64.0,26.0,73.0,0.0,0.0,0.0,0.0,0.0,0.0,0.0,0.0,4.91,4.94,5.01,5.28,4.95,4.6,4.5,5.258,20.0,15.42
200703월,297.9,2439.0,182.26,404.75,63.0,0.0,62.0,24.0,72.0,0.0,0.0,0.0,0.0,0.0,0.0,0.0,0.0,4.79,4.82,4.94,5.2,4.94,4.6,4.5,5.256,0.68,14.64
200704월,314.3,2473.0,191.65,424.43,59.0,0.0,60.0,20.0,68.0,0.0,0.0,0.0,0.0,0.0,0.0,0.0,0.0,4.94,4.96,5.07,5.34,4.95,4.69,4.5,5.249,3.5,14.22
200705월,336.4,2507.0,208.11,458.21,58.0,0.0,58.0,16.0,66.0,0.0,0.0,0.0,0.0,0.0,0.0,0.0,0.0,5.1,5.13,5.22,5.49,5.04,4.61,4.5,5.253,-7.32,13.05
200706월,343.1,2507.0,213.08,469.6,65.0,0.0,63.0,17.0,69.0,0.0,0.0,0.0,0.0,0.0,0.0,0.0,0.0,5.24,5.35,5.48,5.64,5.03,4.54,4.5,5.254,1.1,16.23
200707월,369.9,2548.0,235.74,518.36,94.0,0.0,95.0,17.0,100.0,0.0,0.0,0.0,0.0,0.0,0.0,0.0,0.0,5.35,5.43,5.52,5.75,5.05,4.67,4.75,5.258,9.275,23.52
200708월,348.4,2553.0,229.65,505.53,97.0,0.0,87.0,30.0,98.0,0.0,0.0,0.0,0.0,0.0,0.0,0.0,0.0,5.28,5.33,5.42,5.7,5.21,4.92,5.0,5.022,0.32,23.379
200709월,359.8,2573.0,241.45,529.84,93.0,0.0,74.0,29.0,86.0,0.0,0.0,0.0,0.0,0.0,0.0,0.0,0.0,5.39,5.44,5.52,5.85,5.34,4.98,5.0,4.938,5.875,18.0
200710월,372.1,2601.0,254.43,558.47,93.0,0.0,73.0,29.0,86.0,0.0,0.0,0.0,0.0,0.0,0.0,0.0,0.0,5.42,5.49,5.56,5.98,5.34,5.0,5.0,4.755,11.175,18.53
200711월,344.7,2619.0,235.33,516.72,131.0,0.0,100.0,43.0,117.0,0.0,0.0,0.0,0.0,0.0,0.0,0.0,0.0,5.54,5.59,5.61,6.16,5.43,5.0,5.0,4.486,-15.64,22.87
200712월,344.2,2622.0,235.96,516.89,130.0,0.0,98.0,45.0,110.0,0.0,0.0,0.0,0.0,0.0,0.0,0.0,0.0,5.89,5.9,5.82,6.73,5.73,4.99,5.0,4.244,-4.65,22.5
200801월,279.3,2616.0,204.7,447.04,140.0,0.0,173.0,59.0,126.0,0.0,0.0,0.0,0.0,0.0,0.0,0.0,0.0,5.44,5.51,5.56,6.64,5.81,4.99,5.0,3.94,-30.32,26.2
200802월,282.2,2624.0,212.24,465.82,156.0,0.0,194.0,69.0,131.0,0.0,0.0,0.0,0.0,0.0,0.0,0.0,0.0,5.06,5.14,5.28,6.27,5.28,4.97,5.0,2.98,-11.025,26.54
200803월,278.1,2642.0,214.14,469.76,183.0,0.0,206.0,76.0,122.0,0.0,0.0,0.0,0.0,0.0,0.0,0.0,0.0,5.15,5.2,5.36,6.13,5.25,4.97,5.0,2.61,-22.375,25.61
200804월,304.4,2605.0,231.46,509.68,150.0,0.0,178.0,59.0,108.0,0.0,0.0,0.0,0.0,0.0,0.0,0.0,0.0,4.98,5.02,5.17,5.91,5.38,4.99,5.0,2.278,1.675,20.79
200805월,307.8,2582.0,234.14,513.97,153.0,0.0,183.0,62.0,113.0,0.0,0.0,0.0,0.0,0.0,0.0,0.0,0.0,5.28,5.36,5.5,6.22,5.36,4.97,5.0,1.978,13.64,17.83
200806월,274.1,2518.0,209.58,458.03,172.0,0.0,196.0,73.0,133.0,0.0,0.0,0.0,0.0,0.0,0.0,0.0,0.0,5.7,5.8,5.89,6.68,5.36,4.95,5.0,2.001,-12.675,23.95
200807월,254.0,2475.0,200.34,435.65,156.0,0.0,182.0,76.0,112.0,0.0,0.0,0.0,0.0,0.0,0.0,0.0,0.0,5.96,6.02,6.03,6.99,5.52,4.98,5.0,2.009,-20.74,22.94
200808월,237.1,2432.0,184.48,404.03,176.0,0.0,195.0,82.0,137.0,0.0,0.0,0.0,0.0,0.0,0.0,0.0,0.0,5.77,5.83,5.91,7.11,5.77,5.22,5.25,1.996,-4.225,20.65
200809월,225.4,2397.0,183.15,400.17,230.0,0.0,229.0,93.0,235.0,0.0,0.0,0.0,0.0,0.0,0.0,0.0,0.0,5.81,5.86,5.99,7.46,5.79,5.22,5.25,1.811,-17.675,39.389
200810월,175.4,2123.0,145.6,316.21,552.0,0.0,591.0,375.0,536.0,0.0,0.0,0.0,0.0,0.0,0.0,0.0,0.0,5.09,5.16,5.53,7.95,6.03,4.88,4.25,0.969,-10.66,59.889
200811월,166.2,2005.0,138.26,298.78,486.0,0.0,509.0,310.0,445.0,0.0,0.0,0.0,0.0,0.0,0.0,0.0,0.0,4.97,5.17,5.73,8.56,5.62,4.0,4.0,0.387,-9.775,55.279
200812월,169.6,2012.0,143.3,306.95,396.0,0.0,411.0,324.0,408.0,0.0,0.0,0.0,0.0,0.0,0.0,0.0,0.0,3.97,4.3,4.87,8.35,4.68,3.27,3.0,0.155,-8.55,40.0
200901월,175.7,2017.0,148.27,320.03,355.0,0.0,370.0,310.0,350.0,0.0,0.0,0.0,0.0,0.0,0.0,0.0,0.0,3.44,3.97,4.42,7.34,3.22,2.43,2.5,0.154,-15.58,44.84
200902월,159.5,2015.0,135.23,291.52,340.0,0.0,350.0,345.0,345.0,0.0,0.0,0.0,0.0,0.0,0.0,0.0,0.0,3.78,4.6,5.24,7.07,2.7,2.06,2.0,0.222,-22.9,46.349
200903월,178.7,2063.0,154.53,332.14,363.0,0.0,366.0,410.0,392.0,0.0,0.0,0.0,0.0,0.0,0.0,0.0,0.0,3.69,4.49,4.97,6.14,2.45,1.77,2.0,0.18,-18.675,44.139
200904월,203.3,2124.0,174.37,373.93,303.0,353.0,333.0,391.0,297.0,347.0,0.0,0.0,0.0,0.0,0.0,0.0,0.0,3.76,4.43,4.9,5.68,2.42,1.8,2.0,0.15,-1.8,36.5
200905월,212.7,2268.0,177.05,380.59,255.0,285.0,285.0,347.0,263.0,278.0,0.0,0.0,0.0,0.0,0.0,0.0,0.0,3.83,4.53,5.05,5.16,2.41,1.91,2.0,0.177,-0.125,28.92
200906월,216.9,2317.0,177.46,382.45,223.0,259.0,261.0,268.0,246.0,257.0,0.0,0.0,0.0,0.0,0.0,0.0,0.0,4.09,4.72,5.26,5.21,2.41,1.93,2.0,0.206,-5.725,26.35
200907월,254.3,2375.0,202.19,437.1,188.0,211.0,224.0,230.0,194.0,209.0,0.0,0.0,0.0,0.0,0.0,0.0,0.0,4.09,4.61,5.18,5.46,2.41,1.93,2.0,0.155,-8.08,25.92
200908월,263.3,2455.0,207.52,449.7,173.0,189.0,205.0,224.0,188.0,198.0,0.0,0.0,0.0,0.0,0.0,0.0,0.0,4.42,4.91,5.44,5.74,2.48,1.98,2.0,0.16,3.075,26.01
200909월,286.4,2542.0,219.64,475.42,112.0,158.0,165.0,222.0,148.0,155.0,0.0,0.0,0.0,0.0,0.0,0.0,0.0,4.4,4.85,5.38,5.58,2.64,1.99,2.0,0.146,-2.525,25.61
200910월,273.1,2642.0,205.92,447.08,103.0,149.0,153.0,165.0,115.0,149.0,0.0,0.0,0.0,0.0,0.0,0.0,0.0,4.47,4.91,5.45,5.6,2.79,1.99,2.0,0.118,2.32,30.69
200911월,273.7,2709.0,204.41,443.18,98.0,134.0,146.0,173.0,114.0,153.0,0.0,0.0,0.0,0.0,0.0,0.0,0.0,4.32,4.84,5.39,5.43,2.79,2.0,2.0,0.119,-5.6,24.51
200912월,296.8,2700.0,222.0,480.78,59.0,81.0,100.0,145.0,94.0,128.0,0.0,0.0,0.0,0.0,0.0,0.0,0.0,4.24,4.76,5.31,5.35,2.82,2.0,2.0,0.118,11.02,21.68
201001월,281.9,2737.0,210.35,456.36,59.0,105.0,117.0,151.0,78.0,135.0,0.0,0.0,0.0,0.0,0.0,0.0,0.0,4.29,4.84,5.35,5.4,2.88,2.0,2.0,0.11,9.775,24.62
201002월,277.6,2707.0,208.01,450.47,50.0,101.0,100.0,154.0,69.0,126.0,0.0,0.0,0.0,0.0,0.0,0.0,0.0,4.19,4.76,5.3,5.32,2.88,2.0,2.0,0.126,-3.25,19.5
201003월,300.8,2723.0,221.81,480.16,27.0,76.0,93.0,138.0,56.0,98.0,0.0,0.0,0.0,0.0,0.0,0.0,0.0,3.94,4.47,4.92,5.02,2.83,2.01,2.0,0.164,8.225,17.59
201004월,315.8,2789.0,228.57,496.79,164.0,66.0,76.0,128.0,169.0,82.0,0.0,0.0,0.0,0.0,0.0,0.0,0.0,3.77,4.44,4.91,4.69,2.51,2.0,2.0,0.198,11.6,22.049
201005월,294.4,2702.0,214.46,466.81,223.0,135.0,152.0,187.0,209.0,138.0,0.0,0.0,0.0,0.0,0.0,0.0,0.0,3.7,4.41,4.95,4.48,2.45,2.01,2.0,0.2,-0.725,32.07
201006월,301.9,2742.0,220.72,478.94,226.0,146.0,165.0,208.0,220.0,155.0,0.0,0.0,0.0,0.0,0.0,0.0,0.0,3.75,4.41,4.93,4.65,2.45,2.0,2.0,0.176,0.35,34.54
201007월,316.6,2860.0,230.01,498.48,197.0,123.0,136.0,183.0,204.0,131.0,0.0,0.0,0.0,0.0,0.0,0.0,0.0,3.88,4.45,4.91,4.81,2.58,2.21,2.25,0.182,-11.6,23.5
201008월,311.0,2854.0,227.36,491.48,169.0,110.0,109.0,163.0,179.0,104.0,0.0,0.0,0.0,0.0,0.0,0.0,0.0,3.73,4.27,4.68,4.68,2.63,2.27,2.25,0.189,-9.85,26.049
201009월,335.6,2898.0,243.19,522.85,150.0,87.0,104.0,152.0,169.0,97.0,0.0,0.0,0.0,0.0,0.0,0.0,0.0,3.48,3.91,4.28,4.41,2.66,2.27,2.25,0.194,11.6,23.7
201010월,340.4,2933.0,242.82,523.85,154.0,85.0,104.0,154.0,168.0,95.0,0.0,0.0,0.0,0.0,0.0,0.0,0.0,3.24,3.66,4.11,4.13,2.66,2.26,2.25,0.191,23.9,21.2
201011월,351.1,2902.0,250.49,539.94,172.0,114.0,128.0,194.0,194.0,129.0,0.0,0.0,0.0,0.0,0.0,0.0,0.0,3.4,4.03,4.48,4.19,2.73,2.37,2.5,0.194,19.425,23.54
201012월,386.2,2916.0,273.61,587.08,175.0,90.0,121.0,165.0,184.0,100.0,0.0,0.0,0.0,0.0,0.0,0.0,0.0,3.25,4.02,4.46,4.17,2.8,2.5,2.5,0.183,31.12,17.75
201101월,387.8,2960.0,276.44,592.75,172.0,207.0,235.0,168.0,188.0,101.0,0.0,0.0,0.0,0.0,0.0,0.0,0.0,3.71,4.3,4.69,4.52,2.93,2.66,2.75,0.168,24.0,19.53
201102월,363.6,2977.0,259.82,557.28,163.0,206.0,233.0,166.0,187.0,98.0,0.0,0.0,0.0,0.0,0.0,0.0,0.0,3.94,4.41,4.76,4.72,3.13,2.75,2.75,0.156,17.175,18.35
201103월,395.2,2986.0,282.71,604.24,151.0,192.0,218.0,167.0,170.0,99.0,0.0,0.0,0.0,0.0,0.0,0.0,0.0,3.74,4.13,4.51,4.54,3.35,2.92,3.0,0.138,1.84,17.74
201104월,411.8,3072.0,293.82,628.87,132.0,180.0,209.0,167.0,165.0,110.0,0.0,0.0,0.0,0.0,0.0,0.0,0.0,3.74,4.1,4.48,4.54,3.4,3.01,3.0,0.098,8.625,14.75
201105월,401.7,3051.0,285.79,611.07,115.0,155.0,189.0,167.0,155.0,94.0,0.0,0.0,0.0,0.0,0.0,0.0,0.0,3.66,3.97,4.34,4.44,3.46,3.02,3.0,0.093,-7.875,15.45
201106월,392.3,3045.0,277.58,592.89,117.0,160.0,187.0,167.0,151.0,100.0,0.0,0.0,0.0,0.0,0.0,0.0,0.0,3.65,3.92,4.24,4.4,3.53,3.21,3.25,0.092,-6.12,16.52
201107월,398.3,3110.0,279.58,595.43,119.0,150.0,178.0,167.0,162.0,93.0,0.0,0.0,0.0,0.0,0.0,0.0,0.0,3.77,3.98,4.23,4.48,3.59,3.26,3.25,0.07,10.725,25.25
201108월,349.8,3112.0,244.97,521.57,139.0,167.0,196.0,167.0,180.0,120.0,0.0,0.0,0.0,0.0,0.0,0.0,0.0,3.57,3.73,3.96,4.29,3.59,3.25,3.25,0.095,-10.725,31.62
201109월,338.8,3034.0,234.76,501.48,199.0,242.0,233.0,167.0,251.0,195.0,0.0,0.0,0.0,0.0,0.0,0.0,0.0,3.45,3.56,3.75,4.24,3.58,3.25,3.25,0.084,-10.34,42.959
201110월,367.1,3110.0,254.25,542.87,144.0,167.0,174.0,167.0,206.0,121.0,0.0,0.0,0.0,0.0,0.0,0.0,0.0,3.47,3.6,3.86,4.29,3.58,3.24,3.25,0.07,3.075,29.959
201111월,354.6,3086.0,246.12,524.21,153.0,174.0,179.0,167.0,203.0,130.0,0.0,0.0,0.0,0.0,0.0,0.0,0.0,3.39,3.53,3.8,4.24,3.56,3.26,3.25,0.081,9.025,27.799
201112월,350.9,3064.0,243.69,519.4,165.0,171.0,178.0,167.0,207.0,144.0,0.0,0.0,0.0,0.0,0.0,0.0,0.0,3.36,3.51,3.81,4.24,3.55,3.26,3.25,0.071,3.84,23.4
201201월,379.7,3113.0,262.75,557.81,162.0,169.0,189.0,167.0,181.0,144.0,0.0,0.0,0.0,0.0,0.0,0.0,0.0,3.37,3.5,3.8,4.24,3.55,3.26,3.25,0.081,29.2,19.44
201202월,395.5,3158.0,274.37,580.41,144.0,162.0,173.0,167.0,175.0,127.0,0.0,0.0,0.0,0.0,0.0,0.0,0.0,3.43,3.55,3.81,4.25,3.53,3.25,3.25,0.103,20.625,18.43
201203월,400.6,3160.0,274.54,584.21,131.0,148.0,161.0,0.0,160.0,119.0,0.0,0.0,0.0,0.0,0.0,0.0,0.0,3.55,3.69,3.95,4.36,3.54,3.25,3.25,0.126,16.22,15.5
201204월,402.1,3168.0,273.97,583.24,112.0,134.0,139.0,0.0,144.0,109.0,0.0,0.0,0.0,0.0,0.0,0.0,0.0,3.5,3.64,3.9,4.25,3.54,3.25,3.25,0.139,-3.875,17.15
201205월,367.8,3109.0,253.79,539.79,110.0,135.0,136.0,0.0,142.0,119.0,0.0,0.0,0.0,0.0,0.0,0.0,0.0,3.38,3.49,3.75,4.01,3.54,3.26,3.25,0.155,-10.88,24.059
201206월,369.4,3124.0,253.4,539.12,102.0,126.0,129.0,0.0,145.0,128.0,0.0,0.0,0.0,0.0,0.0,0.0,0.0,3.29,3.41,3.63,3.87,3.54,3.26,3.25,0.161,-9.7,17.08
201207월,379.6,3144.0,259.45,551.31,96.0,111.0,113.0,0.0,128.0,105.0,0.0,0.0,0.0,0.0,0.0,0.0,0.0,3.01,3.12,3.3,3.6,3.34,3.08,3.0,0.156,-9.95,18.93
201208월,383.5,3169.0,258.97,548.4,81.0,98.0,101.0,0.0,111.0,50.0,0.0,0.0,0.0,0.0,0.0,0.0,0.0,2.83,2.94,3.09,3.4,3.19,3.0,3.0,0.132,6.32,17.469
201209월,405.4,3220.0,271.31,574.53,76.0,85.0,86.0,0.0,84.0,60.0,0.0,0.0,0.0,0.0,0.0,0.0,0.0,2.81,2.89,3.05,3.31,3.14,2.99,3.0,0.144,1.7,15.73
201210월,387.4,3235.0,258.63,547.45,70.0,74.0,75.0,0.0,59.0,39.0,0.0,0.0,0.0,0.0,0.0,0.0,0.0,2.78,2.85,2.97,3.3,2.93,2.8,2.75,0.158,-9.35,18.6
201211월,393.3,3261.0,263.43,557.94,65.0,70.0,72.0,0.0,52.0,25.0,0.0,0.0,0.0,0.0,0.0,0.0,0.0,2.8,2.87,2.99,3.32,2.85,2.75,2.75,0.16,-5.0,15.87
201212월,410.2,3270.0,274.67,579.98,63.0,71.0,72.0,0.0,46.0,35.0,0.0,0.0,0.0,0.0,0.0,0.0,0.0,2.85,2.98,3.13,3.3,2.88,2.75,2.75,0.164,14.15,18.02
201301월,401.9,3289.0,267.97,565.78,0.0,65.0,65.0,0.0,74.0,124.0,0.0,0.0,0.0,0.0,0.0,0.0,0.0,2.75,2.86,3.05,3.2,2.86,2.76,2.75,0.142,18.08,14.28
201302월,420.5,3274.0,278.42,588.27,0.0,60.0,64.0,0.0,75.0,122.0,0.0,0.0,0.0,0.0,0.0,0.0,0.0,2.7,2.83,3.04,3.06,2.83,2.75,2.75,0.145,6.95,15.51
201303월,412.2,3274.0,272.75,578.08,0.0,70.0,72.0,0.0,80.0,124.0,0.0,0.0,0.0,0.0,0.0,0.0,0.0,2.6,2.69,2.91,2.95,2.81,2.74,2.75,0.143,5.3,12.7
201304월,399.3,3288.0,263.36,558.18,0.0,79.0,82.0,0.0,91.0,126.0,0.0,0.0,0.0,0.0,0.0,0.0,0.0,2.55,2.63,2.84,2.91,2.8,2.75,2.75,0.145,-14.95,13.52
201305월,413.7,3281.0,270.08,575.13,0.0,83.0,83.0,0.0,100.0,123.0,0.0,0.0,0.0,0.0,0.0,0.0,0.0,2.59,2.68,2.9,2.96,2.72,2.55,2.5,0.109,10.26,16.299
201306월,377.9,3264.0,251.1,533.83,0.0,80.0,84.0,0.0,110.0,160.0,0.0,0.0,0.0,0.0,0.0,0.0,0.0,2.87,3.08,3.31,3.24,2.69,2.49,2.5,0.093,-2.125,16.86
201307월,385.3,3297.0,257.24,544.38,0.0,73.0,76.0,0.0,119.0,143.0,0.0,0.0,0.0,0.0,0.0,0.0,0.0,2.91,3.18,3.47,3.38,2.68,2.48,2.5,0.092,24.45,13.45
201308월,396.6,3311.0,262.48,558.18,0.0,57.0,59.0,0.0,125.0,134.0,0.0,0.0,0.0,0.0,0.0,0.0,0.0,2.94,3.26,3.61,3.33,2.66,2.5,2.5,0.082,3.74,17.01
201309월,416.8,3369.0,272.0,576.98,0.0,49.0,55.0,0.0,117.0,114.0,0.0,0.0,0.0,0.0,0.0,0.0,0.0,2.9,3.17,3.53,3.29,2.66,2.5,2.5,0.08,11.5,16.6
201310월,437.3,3432.0,278.81,594.94,0.0,40.0,43.0,0.0,116.0,97.0,77.0,0.0,0.0,0.0,0.0,0.0,0.0,2.83,3.08,3.44,3.25,2.66,2.5,2.5,0.087,18.4,13.75
201311월,442.4,3450.0,281.42,600.97,0.0,29.0,33.0,0.0,95.0,94.0,70.0,0.0,0.0,0.0,0.0,0.0,0.0,2.94,3.24,3.58,3.37,2.65,2.5,2.5,0.084,14.825,13.7
201312월,430.6,3465.0,275.8,589.43,0.0,21.0,29.0,0.0,97.0,92.0,69.0,0.0,0.0,0.0,0.0,0.0,0.0,2.94,3.3,3.65,3.36,2.65,2.5,2.5,0.085,22.575,13.72
201401월,412.5,3484.0,263.31,562.13,0.0,0.0,0.0,0.0,83.0,97.0,78.0,0.0,0.0,0.0,0.0,0.0,0.0,2.89,3.26,3.65,3.32,2.65,2.5,2.5,0.071,12.74,18.41
201402월,425.2,3518.0,269.11,577.6,0.0,0.0,0.0,0.0,76.0,82.0,72.0,0.0,0.0,0.0,0.0,0.0,0.0,2.85,3.16,3.52,3.28,2.65,2.49,2.5,0.066,10.575,14.0
201403월,424.6,3543.0,268.67,576.7,0.0,0.0,0.0,0.0,68.0,59.0,58.0,0.0,0.0,0.0,0.0,0.0,0.0,2.87,3.17,3.54,3.3,2.65,2.48,2.5,0.078,10.375,13.88
201404월,424.2,3559.0,265.4,569.22,0.0,0.0,0.0,0.0,64.0,58.0,53.0,0.0,0.0,0.0,0.0,0.0,0.0,2.88,3.17,3.54,3.3,2.65,2.49,2.5,0.09,1.125,13.41
201405월,436.9,3609.0,271.06,583.2,0.0,0.0,0.0,0.0,55.0,51.0,50.0,0.0,0.0,0.0,0.0,0.0,0.0,2.84,3.08,3.4,3.26,2.65,2.49,2.5,0.087,5.56,11.4
201406월,437.2,3666.0,271.72,583.2,0.0,0.0,0.0,0.0,44.0,39.0,37.0,0.0,0.0,0.0,0.0,0.0,0.0,2.75,2.97,3.3,3.17,2.65,2.48,2.5,0.095,16.95,11.57
201407월,459.5,3680.0,281.76,603.12,0.0,0.0,0.0,0.0,50.0,35.0,39.0,0.0,0.0,0.0,0.0,40.0,0.0,2.56,2.77,3.06,2.97,2.65,2.49,2.5,0.09,5.74,16.95
201408월,455.1,3675.0,277.04,590.2,0.0,0.0,0.0,0.0,40.0,38.0,38.0,0.0,0.0,0.0,0.0,40.0,0.0,2.54,2.77,3.09,2.93,2.52,2.34,2.25,0.088,15.2,12.09
201409월,437.2,3644.0,266.91,563.85,0.0,0.0,0.0,0.0,35.0,40.0,44.0,0.0,0.0,0.0,0.0,41.0,0.0,2.41,2.65,3.01,2.78,2.35,2.23,2.25,0.088,16.85,16.309
201410월,430.1,3637.0,260.08,553.03,0.0,0.0,0.0,0.0,36.0,41.0,42.0,0.0,0.0,0.0,0.0,39.0,0.0,2.24,2.42,2.77,2.6,2.21,2.06,2.0,0.089,15.58,14.03
201411월,438.0,3631.0,262.26,558.73,0.0,0.0,0.0,0.0,35.0,40.0,43.0,0.0,0.0,0.0,0.0,41.0,0.0,2.14,2.33,2.69,2.47,2.14,1.98,2.0,0.092,33.225,13.33
201412월,422.3,3636.0,251.17,536.46,0.0,0.0,0.0,0.0,0.0,43.0,48.0,0.0,0.0,0.0,0.0,45.0,0.0,2.14,2.33,2.68,2.46,2.13,1.99,2.0,0.122,20.85,19.2
201501월,433.5,3622.0,255.67,546.17,0.0,0.0,0.0,0.0,0.0,40.0,50.0,0.0,0.0,0.0,0.0,55.0,0.0,2.04,2.16,2.42,2.36,2.13,1.99,2.0,0.114,19.68,20.969
201502월,436.8,3624.0,257.95,550.24,0.0,0.0,0.0,0.0,0.0,38.0,48.0,0.0,0.0,0.0,0.0,53.0,0.0,2.02,2.11,2.35,2.3,2.12,1.99,2.0,0.11,19.25,13.34
201503월,451.3,3628.0,263.07,563.21,0.0,0.0,0.0,0.0,0.0,38.0,47.0,0.0,0.0,0.0,0.0,47.0,0.0,1.87,1.97,2.28,2.13,1.95,1.82,1.75,0.112,8.075,15.29
201504월,470.3,3699.0,271.94,580.38,0.0,0.0,0.0,0.0,0.0,35.0,47.0,0.0,0.0,0.0,0.0,45.0,0.0,1.74,1.86,2.18,1.99,1.81,1.73,1.75,0.124,6.9,14.55
201505월,461.4,3715.0,264.69,565.77,0.0,0.0,0.0,0.0,0.0,34.0,46.0,0.0,0.0,0.0,0.0,47.0,0.0,1.88,2.11,2.49,2.12,1.8,1.74,1.75,0.123,0.675,13.84
201506월,444.6,3747.0,255.7,545.06,0.0,0.0,0.0,0.0,0.0,34.0,46.0,0.0,0.0,0.0,0.0,47.0,0.0,1.77,2.04,2.47,2.01,1.7,1.57,1.5,0.129,-1.2,18.23
201507월,430.2,3708.0,247.49,525.57,0.0,0.0,0.0,0.0,0.0,33.0,48.0,0.0,0.0,0.0,0.0,44.0,0.0,1.78,2.05,2.45,2.0,1.65,1.48,1.5,0.13,-3.78,12.12
201508월,405.2,3679.0,235.53,500.6,0.0,0.0,0.0,0.0,0.0,37.0,54.0,0.0,0.0,0.0,0.0,47.0,0.0,1.74,1.95,2.31,1.98,1.64,1.49,1.5,0.138,-6.325,28.43
201509월,413.8,3681.0,240.46,510.49,0.0,0.0,0.0,0.0,0.0,43.0,57.0,0.0,0.0,0.0,0.0,47.0,0.0,1.65,1.85,2.22,1.95,1.6,1.48,1.5,0.136,1.95,24.5
201510월,441.3,3696.0,256.54,546.39,0.0,0.0,0.0,0.0,0.0,35.0,52.0,0.0,0.0,0.0,0.0,41.0,0.0,1.63,1.78,2.09,1.96,1.58,1.48,1.5,0.123,6.98,15.07
201511월,430.2,3685.0,251.65,535.54,0.0,0.0,0.0,0.0,0.0,33.0,45.0,0.0,0.0,0.0,0.0,38.0,0.0,1.75,1.95,2.25,2.12,1.59,1.49,1.5,0.117,9.55,16.129
201512월,420.4,3680.0,247.28,526.86,0.0,0.0,0.0,0.0,0.0,29.0,43.0,0.0,0.0,0.0,0.0,37.0,0.0,1.72,1.9,2.18,2.14,1.67,1.48,1.5,0.24,-2.44,18.209
201601월,403.6,3676.0,238.34,508.22,0.0,0.0,0.0,0.0,0.0,96.0,46.0,0.0,0.0,0.0,0.0,40.0,0.0,1.63,1.77,2.03,2.1,1.67,1.49,1.5,0.342,-20.275,20.2
201602월,407.3,3658.0,240.04,511.24,0.0,0.0,0.0,0.0,0.0,99.0,43.0,0.0,0.0,0.0,0.0,41.0,0.0,1.47,1.59,1.83,1.95,1.64,1.49,1.5,0.375,-11.775,20.549
201603월,432.5,3698.0,253.21,538.62,0.0,0.0,0.0,0.0,0.0,97.0,38.0,0.0,0.0,0.0,0.0,34.0,0.0,1.5,1.61,1.85,1.98,1.63,1.49,1.5,0.362,6.08,13.95
201604월,432.2,3725.0,251.78,534.26,0.0,0.0,0.0,0.0,0.0,87.0,33.0,0.0,0.0,0.0,0.0,20.0,0.0,1.47,1.57,1.81,1.94,1.61,1.49,1.5,0.365,5.5,15.7
201605월,433.4,3709.0,250.74,532.61,0.0,0.0,0.0,0.0,0.0,70.0,23.0,0.0,0.0,0.0,0.0,14.0,0.0,1.46,1.55,1.79,1.91,1.58,1.49,1.5,0.365,-11.325,14.19
201606월,437.4,3699.0,252.12,535.37,0.0,0.0,0.0,0.0,0.0,67.0,25.0,0.0,0.0,0.0,0.0,18.0,0.0,1.33,1.41,1.62,1.79,1.43,1.29,1.25,0.377,-5.78,15.63
201607월,454.7,3714.0,260.41,552.5,0.0,0.0,0.0,0.0,0.0,63.0,22.0,0.0,0.0,0.0,0.0,18.0,0.0,1.22,1.25,1.4,1.65,1.36,1.23,1.25,0.391,7.075,11.87
201608월,466.7,3755.0,267.26,567.46,0.0,0.0,0.0,0.0,0.0,61.0,19.0,0.0,0.0,0.0,0.0,12.0,0.0,1.24,1.26,1.42,1.65,1.35,1.23,1.25,0.396,4.125,13.42
201609월,469.6,3778.0,267.2,568.16,0.0,0.0,0.0,0.0,0.0,58.0,21.0,0.0,0.0,0.0,0.0,13.0,0.0,1.31,1.35,1.51,1.7,1.34,1.24,1.25,0.396,-7.24,13.29
201610월,468.3,3752.0,267.37,568.74,0.0,0.0,0.0,0.0,0.0,57.0,19.0,0.0,0.0,0.0,0.0,14.0,0.0,1.36,1.41,1.6,1.78,1.35,1.23,1.25,0.396,-7.7,17.059
201611월,469.1,3720.0,265.82,565.95,0.0,0.0,0.0,0.0,0.0,55.0,25.0,0.0,0.0,0.0,0.0,21.0,0.0,1.61,1.74,1.97,2.02,1.42,1.23,1.25,0.406,11.7,13.33
201612월,480.8,3711.0,272.38,580.57,0.0,0.0,0.0,0.0,0.0,54.0,25.0,0.0,0.0,0.0,0.0,24.0,0.0,1.69,1.87,2.16,2.16,1.54,1.23,1.25,0.54,16.58,14.04
201701월,501.1,3740.0,282.09,601.46,0.0,0.0,0.0,0.0,0.0,60.0,73.0,0.0,55.0,0.0,0.0,25.0,0.0,1.64,1.82,2.11,2.1,1.5,1.24,1.25,0.649,10.025,11.99
201702월,502.4,3739.0,283.0,602.88,0.0,0.0,0.0,0.0,0.0,60.0,74.0,0.0,53.0,0.0,0.0,25.0,0.0,1.67,1.86,2.16,2.13,1.49,1.23,1.25,0.656,3.4,12.92
201703월,528.2,3753.0,293.86,627.13,0.0,0.0,0.0,0.0,0.0,65.0,74.0,0.0,55.0,0.0,0.0,24.0,0.0,1.71,1.91,2.22,2.21,1.48,1.23,1.25,0.786,-4.82,12.37
201704월,545.6,3766.0,302.33,644.51,0.0,0.0,0.0,0.0,0.0,66.0,78.0,0.0,66.0,0.0,0.0,30.0,0.0,1.68,1.86,2.18,2.2,1.43,1.23,1.25,0.896,-6.6,10.82
201705월,581.0,3785.0,321.42,685.16,0.0,0.0,0.0,0.0,0.0,68.0,81.0,0.0,67.0,0.0,0.0,34.0,0.0,1.7,1.91,2.26,2.22,1.4,1.23,1.25,0.907,0.775,10.41
201706월,597.3,3806.0,330.96,705.91,0.0,0.0,0.0,0.0,0.0,67.0,82.0,0.0,68.0,0.0,0.0,28.0,0.0,1.67,1.86,2.17,2.21,1.38,1.24,1.25,1.04,2.14,11.18
201707월,605.7,3838.0,334.07,712.48,0.0,0.0,0.0,0.0,0.0,63.0,78.0,0.0,69.0,0.0,0.0,30.0,0.0,1.74,1.94,2.25,2.28,1.39,1.24,1.25,1.15,4.525,10.26
201708월,595.9,3848.0,327.76,700.05,0.0,0.0,0.0,0.0,0.0,64.0,82.0,0.0,74.0,0.0,0.0,28.0,0.0,1.78,1.99,2.29,2.32,1.39,1.23,1.25,1.157,-3.68,10.59
201709월,613.0,3847.0,339.69,725.1,0.0,0.0,0.0,0.0,0.0,74.0,83.0,0.0,81.0,0.0,0.0,40.0,0.0,1.79,1.99,2.29,2.33,1.38,1.25,1.25,1.153,7.575,9.51
201710월,650.9,3845.0,360.02,768.88,0.0,0.0,0.0,0.0,0.0,67.0,80.0,0.0,67.0,0.0,0.0,44.0,0.0,2.03,2.25,2.46,2.57,1.38,1.24,1.25,1.153,8.075,10.18
201711월,634.4,3873.0,350.44,746.85,0.0,0.0,0.0,0.0,0.0,69.0,79.0,0.0,61.0,0.0,0.0,53.0,0.0,2.15,2.36,2.54,2.71,1.45,1.26,1.5,1.156,8.68,11.28
201712월,634.7,3893.0,351.44,748.78,0.0,0.0,0.0,0.0,0.0,55.0,76.0,0.0,60.0,0.0,0.0,51.0,0.0,2.1,2.3,2.47,2.65,1.66,1.51,1.5,1.297,19.125,11.04
201801월,657.7,3957.0,363.58,773.59,0.0,0.0,0.0,0.0,0.0,50.0,60.0,0.0,47.0,0.0,0.0,48.0,0.0,2.19,2.44,2.63,2.72,1.66,1.49,1.5,1.417,30.475,13.54
201802월,621.1,3948.0,343.72,733.0,0.0,0.0,0.0,0.0,0.0,49.0,56.0,0.0,52.0,0.0,0.0,52.0,0.0,2.28,2.54,2.77,2.82,1.65,1.49,1.5,1.417,16.75,19.85
201803월,625.2,3968.0,345.85,738.41,0.0,0.0,0.0,0.0,0.0,46.0,61.0,0.0,66.0,0.0,0.0,60.0,0.0,2.27,2.5,2.71,2.83,1.65,1.49,1.5,1.506,5.74,19.969
201804월,643.8,3984.0,356.01,760.23,0.0,0.0,0.0,0.0,0.0,0.0,63.0,0.0,66.0,0.0,0.0,65.0,0.0,2.19,2.44,2.66,2.79,1.65,1.47,1.5,1.692,-0.35,15.93
201805월,623.9,3990.0,340.02,727.06,0.0,0.0,0.0,0.0,0.0,0.0,66.0,0.0,68.0,0.0,0.0,72.0,0.0,2.25,2.53,2.76,2.86,1.65,1.5,1.5,1.7,8.86,15.43
201806월,596.9,4003.0,327.38,699.61,0.0,0.0,0.0,0.0,0.0,0.0,63.0,0.0,64.0,0.0,0.0,74.0,0.0,2.18,2.44,2.66,2.81,1.65,1.49,1.5,1.801,8.85,16.09
201807월,592.7,4025.0,324.28,691.44,0.0,0.0,0.0,0.0,0.0,0.0,66.0,0.0,68.0,0.0,0.0,77.0,0.0,2.1,2.34,2.55,2.75,1.65,1.49,1.5,1.91,4.2,12.83
201808월,599.8,4011.0,327.96,700.89,0.0,0.0,0.0,0.0,0.0,0.0,65.0,0.0,70.0,0.0,0.0,80.0,0.0,2.02,2.24,2.46,2.66,1.65,1.5,1.5,1.914,7.98,12.86
201809월,597.0,4030.0,327.63,699.73,0.0,0.0,0.0,0.0,0.0,0.0,60.0,0.0,62.0,58.0,0.0,75.0,73.0,1.95,2.13,2.32,2.4,1.65,1.54,1.5,1.948,5.075,12.12
201810월,524.6,4028.0,288.51,615.76,0.0,0.0,0.0,0.0,0.0,0.0,61.0,0.0,60.0,61.0,0.0,73.0,72.0,2.01,2.16,2.34,2.45,1.68,1.52,1.5,2.188,0.4,21.23
201811월,532.9,4030.0,294.1,626.01,0.0,0.0,0.0,0.0,0.0,0.0,58.0,0.0,61.0,65.0,0.0,76.0,81.0,1.94,2.05,2.21,2.4,1.71,1.51,1.75,2.199,-2.98,18.07
201812월,509.7,4037.0,283.45,604.06,0.0,0.0,0.0,0.0,0.0,0.0,63.0,0.0,66.0,72.0,0.0,81.0,91.0,1.83,1.89,1.99,2.3,1.91,1.77,1.75,2.267,-15.45,25.42
201901월,567.2,4055.0,311.89,664.16,0.0,0.0,0.0,0.0,0.0,0.0,51.0,0.0,60.0,69.0,0.0,74.0,83.0,1.81,1.88,1.99,2.26,1.87,1.75,1.75,2.4,0.4,16.57
201902월,563.7,4047.0,308.88,658.19,0.0,0.0,0.0,0.0,0.0,0.0,48.0,0.0,59.0,65.0,0.0,67.0,77.0,1.8,1.87,1.99,2.25,1.87,1.76,1.75,2.4,15.65,14.78
201903월,554.6,4053.0,301.22,642.74,0.0,0.0,0.0,0.0,0.0,0.0,40.0,0.0,53.0,57.0,0.0,66.0,71.0,1.79,1.84,1.95,2.24,1.9,1.76,1.75,2.403,7.975,13.71
201904월,575.9,4040.0,310.94,664.15,0.0,0.0,0.0,0.0,0.0,0.0,34.0,0.0,54.0,58.0,0.0,62.0,66.0,1.74,1.77,1.89,2.21,1.89,1.75,1.75,2.423,13.95,13.12
201905월,532.4,4020.0,287.61,614.03,0.0,0.0,0.0,0.0,0.0,0.0,31.0,0.0,51.0,55.0,0.0,62.0,68.0,1.68,1.72,1.83,2.15,1.84,1.75,1.75,2.392,0.28,18.709
201906월,559.8,4031.0,302.26,645.79,0.0,0.0,0.0,0.0,0.0,0.0,31.0,31.0,50.0,51.0,52.0,60.0,61.0,1.5,1.53,1.62,2.0,1.8,1.76,1.75,2.375,-8.15,15.08
201907월,543.3,4031.0,290.28,620.75,0.0,0.0,0.0,0.0,0.0,0.0,30.0,32.0,48.0,49.0,50.0,57.0,56.0,1.38,1.42,1.51,1.89,1.68,1.63,1.5,2.402,3.475,16.12
201908월,526.5,4015.0,282.46,603.6,0.0,0.0,0.0,0.0,0.0,0.0,35.0,37.0,51.0,53.0,57.0,59.0,62.0,1.16,1.2,1.25,1.69,1.49,1.51,1.5,2.125,-12.6,18.98
201909월,555.8,4033.0,298.38,637.36,0.0,0.0,0.0,0.0,0.0,0.0,37.0,37.0,52.0,54.0,57.0,59.0,60.0,1.29,1.35,1.42,1.79,1.54,1.52,1.5,2.052,-1.35,16.24
201910월,560.6,4063.0,303.51,648.34,0.0,0.0,0.0,0.0,0.0,0.0,37.0,38.0,52.0,53.0,55.0,56.0,55.0,1.36,1.44,1.58,1.86,1.46,1.35,1.25,1.829,-5.28,13.22
201911월,558.4,4075.0,303.37,648.36,0.0,0.0,0.0,0.0,0.0,0.0,37.0,35.0,50.0,50.0,52.0,52.0,49.0,1.49,1.59,1.75,2.0,1.52,1.28,1.25,1.552,10.225,12.62
201912월,593.2,4088.0,323.06,691.12,0.0,0.0,0.0,0.0,0.0,0.0,37.0,36.0,49.0,48.0,47.0,49.0,48.0,1.39,1.48,1.65,1.95,1.53,1.28,1.25,1.55,14.55,13.78
202001월,581.5,4097.0,314.7,674.34,0.0,0.0,0.0,0.0,0.0,0.0,40.0,35.0,49.0,46.0,46.0,48.0,48.0,1.37,1.48,1.66,1.96,1.47,1.27,1.25,1.551,9.74,18.84
202002월,545.1,4092.0,297.21,636.97,0.0,0.0,0.0,0.0,0.0,0.0,44.0,40.0,49.0,51.0,53.0,52.0,52.0,1.25,1.36,1.54,1.85,1.42,1.24,1.25,1.583,4.2,40.11
202003월,468.7,4002.0,262.67,563.0,0.0,0.0,0.0,0.0,0.0,0.0,58.0,76.0,83.0,85.0,89.0,82.0,83.0,1.09,1.27,1.49,1.84,1.23,0.98,0.75,0.625,-14.625,53.54
202004월,505.0,4040.0,284.5,609.65,0.0,0.0,0.0,0.0,0.0,0.0,68.0,79.0,84.0,85.0,86.0,86.0,83.0,1.02,1.26,1.5,2.15,1.1,0.74,0.75,0.048,-14.0,34.15
202005월,520.6,4073.0,295.73,633.55,0.0,0.0,0.0,0.0,0.0,0.0,67.0,79.0,83.0,85.0,86.0,82.0,83.0,0.88,1.13,1.39,2.18,1.02,0.7,0.5,0.05,-20.35,27.51
202006월,541.6,4108.0,309.84,663.54,0.0,0.0,0.0,0.0,0.0,0.0,57.0,70.0,74.0,76.0,76.0,75.0,75.0,0.85,1.13,1.39,2.22,0.79,0.48,0.5,0.076,-14.075,30.43
202007월,583.5,4165.0,330.05,704.84,0.0,0.0,0.0,0.0,0.0,0.0,48.0,62.0,64.0,67.0,68.0,71.0,72.0,0.83,1.09,1.36,2.22,0.79,0.48,0.5,0.093,-20.54,24.459
202008월,589.2,4190.0,336.67,717.4,0.0,0.0,0.0,0.0,0.0,0.0,40.0,50.0,54.0,56.0,56.0,67.0,67.0,0.83,1.09,1.37,2.19,0.68,0.5,0.5,0.094,-13.975,26.41
202009월,598.4,4206.0,340.15,726.69,0.0,0.0,0.0,0.0,0.0,0.0,37.0,45.0,44.0,50.0,49.0,65.0,66.0,0.91,1.19,1.5,2.24,0.63,0.48,0.5,0.09,-16.3,26.37
202010월,584.8,4265.0,332.2,709.59,0.0,0.0,0.0,0.0,0.0,0.0,29.0,43.0,40.0,44.0,45.0,64.0,65.0,0.91,1.2,1.51,2.24,0.63,0.51,0.5,0.09,-3.86,38.02
202011월,675.2,4364.0,383.13,815.75,0.0,0.0,0.0,0.0,0.0,0.0,19.0,37.0,33.0,37.0,37.0,61.0,61.0,0.97,1.3,1.61,2.25,0.66,0.49,0.5,0.086,18.825,20.57
202012월,764.3,4431.0,435.29,925.97,0.0,0.0,0.0,0.0,0.0,0.0,14.0,33.0,30.0,32.0,33.0,59.0,58.0,0.97,1.32,1.68,2.21,0.66,0.51,0.5,0.09,21.12,22.75
202101월,787.9,4427.0,454.17,958.92,0.0,0.0,0.0,0.0,0.0,0.0,0.0,39.0,64.0,27.0,27.0,53.0,54.0,0.98,1.32,1.73,2.14,0.68,0.49,0.5,0.085,7.0,33.09
202102월,797.5,4476.0,458.25,965.03,0.0,0.0,0.0,0.0,0.0,0.0,0.0,35.0,50.0,24.0,23.0,52.0,53.0,1.0,1.35,1.85,2.06,0.73,0.49,0.5,0.075,16.2,27.95
202103월,805.3,4461.0,463.06,973.1,0.0,0.0,0.0,0.0,0.0,0.0,0.0,39.0,48.0,21.0,23.0,51.0,52.0,1.13,1.55,2.04,2.09,0.75,0.49,0.5,0.069,24.15,19.4
202104월,822.4,4523.0,469.66,984.81,0.0,0.0,0.0,0.0,0.0,0.0,0.0,30.0,49.0,22.0,24.0,51.0,51.0,1.14,1.58,2.04,1.98,0.74,0.48,0.5,0.068,27.48,18.61
202105월,820.2,4565.0,473.36,987.75,0.0,0.0,0.0,0.0,0.0,0.0,0.0,40.0,45.0,21.0,24.0,51.0,52.0,1.13,1.65,2.13,1.89,0.68,0.48,0.5,0.059,12.9,16.76
202106월,842.3,4541.0,484.82,1013.67,0.0,0.0,0.0,0.0,0.0,0.0,0.0,37.0,41.0,18.0,19.0,47.0,48.0,1.3,1.7,2.1,1.91,0.66,0.51,0.5,0.077,18.975,15.83
202107월,811.0,4587.0,467.72,976.26,0.0,0.0,0.0,0.0,0.0,0.0,0.0,33.0,39.0,18.0,20.0,46.0,47.0,1.42,1.69,1.98,1.89,0.69,0.53,0.5,0.098,12.74,18.24
202108월,797.9,4639.0,463.46,968.39,0.0,0.0,0.0,0.0,0.0,0.0,0.0,34.0,38.0,16.0,18.0,46.0,46.0,1.41,1.65,1.91,1.84,0.77,0.56,0.75,0.093,3.65,16.48
202109월,769.2,4640.0,442.84,922.65,0.0,0.0,0.0,0.0,0.0,0.0,22.0,33.0,37.0,16.0,18.0,46.0,46.0,1.52,1.79,2.06,1.95,0.98,0.77,0.75,0.079,-3.38,23.139
202110월,742.7,4692.0,427.57,889.57,0.0,0.0,0.0,0.0,0.0,0.0,0.0,30.0,35.0,15.0,17.0,46.0,46.0,1.84,2.15,2.4,2.3,1.08,0.74,0.75,0.079,6.1,16.26
202111월,733.4,4639.0,412.69,862.72,0.0,0.0,0.0,0.0,0.0,0.0,0.0,31.0,36.0,17.0,17.0,49.0,50.0,1.95,2.17,2.36,2.49,1.17,0.8,1.0,0.079,12.3,27.19
202112월,783.2,4631.0,437.16,911.53,0.0,0.0,0.0,0.0,0.0,0.0,0.0,29.0,33.0,15.0,17.0,47.0,48.0,1.8,1.98,2.19,2.41,1.27,1.01,1.0,0.079,-5.56,17.219
202201월,721.4,4615.0,398.2,829.88,0.0,0.0,0.0,0.0,0.0,0.0,0.0,32.0,33.0,21.0,24.0,49.0,49.0,2.06,2.28,2.49,2.63,1.39,1.19,1.25,0.08,-17.4,24.83
202202월,723.8,4618.0,400.51,832.19,0.0,0.0,0.0,0.0,0.0,0.0,0.0,34.0,35.0,32.0,27.0,51.0,52.0,2.29,2.5,2.69,2.87,1.5,1.22,1.25,0.08,-20.625,30.15
202203월,724.2,4578.0,402.77,836.81,0.0,0.0,0.0,0.0,0.0,0.0,0.0,32.0,36.0,41.0,32.0,54.0,54.0,2.37,2.6,2.78,3.03,1.5,1.24,1.25,0.199,-11.68,20.559
202204월,695.7,4493.0,391.28,812.29,0.0,0.0,0.0,0.0,0.0,0.0,0.0,31.0,40.0,46.0,35.0,59.0,59.0,2.94,3.14,3.22,3.63,1.64,1.3,1.5,0.33,-29.3,33.4
202205월,695.3,4477.0,392.18,814.54,0.0,0.0,0.0,0.0,0.0,0.0,0.0,33.0,39.0,48.0,38.0,65.0,68.0,3.02,3.23,3.3,3.78,1.77,1.51,1.75,0.758,-27.175,26.19
202206월,593.0,4383.0,340.45,706.72,0.0,0.0,0.0,0.0,0.0,0.0,0.0,33.0,41.0,50.0,39.0,67.0,68.0,3.48,3.65,3.64,4.23,1.99,1.75,1.75,1.187,-26.96,28.709
202207월,629.9,4386.0,359.64,748.12,0.0,0.0,0.0,0.0,0.0,0.0,0.0,35.0,40.0,49.0,42.0,72.0,73.0,3.24,3.3,3.3,4.13,2.41,1.97,2.25,1.654,-19.5,21.33
202208월,629.9,4364.0,358.5,744.58,0.0,0.0,0.0,0.0,0.0,0.0,0.0,31.0,43.0,46.0,39.0,74.0,75.0,3.25,3.3,3.32,4.23,2.79,2.26,2.5,2.33,-7.825,25.87
202209월,593.0,4168.0,312.36,649.07,0.0,0.0,0.0,0.0,0.0,0.0,0.0,33.0,43.0,45.0,39.0,77.0,78.0,3.9,3.94,3.9,4.9,3.01,2.53,2.5,2.58,-33.52,31.62
