date,value
7-24-87,22.0%
7-31-87,0.0%
8-7-87,27.0%
8-14-87,25.0%
8-21-87,60.0%
8-28-87,22.0%
9-4-87,1.0%
9-11-87,23.0%
9-18-87,49.0%
9-25-87,23.0%
10-2-87,14.0%
10-9-87,31.0%
10-16-87,4.0%
10-23-87,8.0%
10-30-87,11.0%
11-6-87,25.0%
11-13-87,3.0%
11-20-87,20.0%
11-27-87,0.0%
12-4-87,-17.0%
12-11-87,-9.0%
12-18-87,6.0%
12-24-87,8.0%
12-31-87,-1.0%
1-8-88,14.0%
1-15-88,8.0%
1-22-88,-10.0%
1-29-88,-3.0%
2-5-88,17.0%
2-12-88,10.0%
2-19-88,3.0%
2-26-88,11.0%
3-4-88,16.0%
3-11-88,26.0%
3-18-88,31.0%
3-25-88,28.0%
4-1-88,15.0%
4-8-88,14.0%
4-15-88,-1.0%
4-22-88,3.0%
4-29-88,-8.0%
5-6-88,18.0%
5-13-88,-6.0%
5-20-88,-2.0%
5-27-88,8.0%
6-3-88,14.0%
6-10-88,5.0%
6-17-88,8.0%
6-24-88,10.0%
7-1-88,28.0%
7-8-88,20.0%
7-15-88,-11.0%
7-22-88,-10.0%
7-29-88,0.0%
8-5-88,-9.0%
8-12-88,0.0%
8-19-88,-9.0%
8-26-88,-4.0%
9-2-88,-21.0%
9-9-88,-14.0%
9-16-88,-6.0%
9-23-88,-7.0%
9-30-88,-4.0%
10-7-88,-25.0%
10-14-88,-10.0%
10-21-88,3.0%
10-28-88,18.0%
11-4-88,16.0%
11-11-88,2.0%
11-18-88,-6.0%
11-25-88,-22.0%
12-2-88,-15.0%
12-9-88,-22.0%
12-16-88,2.0%
12-23-88,-10.0%
12-30-88,2.0%
1-6-89,3.0%
1-13-89,16.0%
1-20-89,19.0%
1-27-89,13.0%
2-3-89,10.0%
2-10-89,17.0%
2-17-89,25.0%
2-24-89,3.0%
3-3-89,-7.0%
3-10-89,-22.0%
3-17-89,-1.0%
3-23-89,-1.0%
3-31-89,-22.0%
4-7-89,-9.0%
4-14-89,-8.0%
4-21-89,-7.0%
4-28-89,2.0%
5-5-89,0.0%
5-12-89,19.0%
5-19-89,24.0%
5-26-89,27.0%
6-2-89,11.0%
6-9-89,20.0%
6-16-89,1.0%
6-23-89,-12.0%
6-30-89,14.0%
7-7-89,6.0%
7-14-89,-26.0%
7-21-89,3.0%
7-28-89,7.0%
8-4-89,0.0%
8-11-89,27.0%
8-18-89,-2.0%
8-25-89,14.0%
9-1-89,-2.0%
9-8-89,-10.0%
9-15-89,6.0%
9-22-89,-15.0%
9-29-89,4.0%
10-6-89,-9.0%
10-13-89,8.0%
10-20-89,6.0%
10-27-89,5.0%
11-3-89,5.0%
11-10-89,-9.0%
11-17-89,-24.0%
11-22-89,-6.0%
12-1-89,-4.0%
12-8-89,3.0%
12-15-89,14.0%
12-22-89,4.0%
12-29-89,1.0%
1-5-90,10.0%
1-12-90,28.0%
1-19-90,11.0%
1-26-90,-14.0%
2-2-90,-33.0%
2-9-90,-32.0%
2-16-90,-11.0%
2-23-90,-14.0%
3-2-90,-21.0%
3-9-90,-14.0%
3-16-90,-15.0%
3-23-90,13.0%
3-30-90,3.0%
4-6-90,13.0%
4-12-90,10.0%
4-20-90,11.0%
4-27-90,-9.0%
5-4-90,-25.0%
5-11-90,-6.0%
5-18-90,9.0%
5-25-90,10.0%
6-1-90,2.0%
6-8-90,5.0%
6-15-90,18.0%
6-22-90,0.0%
6-29-90,-7.0%
7-6-90,-10.0%
7-13-90,10.0%
7-20-90,10.0%
7-27-90,28.0%
8-3-90,-20.0%
8-10-90,-29.0%
8-17-90,-41.0%
8-24-90,-26.0%
8-31-90,-38.0%
9-7-90,-16.0%
9-14-90,-35.0%
9-21-90,-43.0%
9-28-90,-28.0%
10-5-90,-44.0%
10-12-90,-31.0%
10-19-90,-54.0%
10-26-90,-35.0%
11-2-90,-24.0%
11-9-90,-28.0%
11-16-90,-43.0%
11-21-90,-31.0%
11-30-90,-23.0%
12-7-90,-15.0%
12-14-90,-7.0%
12-21-90,-34.0%
12-28-90,-10.0%
1-4-91,1.0%
1-11-91,-26.0%
1-18-91,-29.0%
1-25-91,-25.0%
2-1-91,-13.0%
2-8-91,0.0%
2-15-91,22.0%
2-22-91,34.0%
3-1-91,18.0%
3-8-91,21.0%
3-15-91,32.0%
3-22-91,15.0%
3-29-91,22.0%
4-5-91,38.0%
4-12-91,18.0%
4-19-91,17.0%
4-26-91,38.0%
5-3-91,11.0%
5-10-91,10.0%
5-17-91,16.0%
5-24-91,15.0%
5-31-91,19.0%
6-7-91,29.0%
6-14-91,25.0%
6-21-91,28.0%
6-28-91,-7.0%
7-3-91,-5.0%
7-12-91,21.0%
7-19-91,5.0%
7-26-91,12.0%
8-2-91,2.0%
8-9-91,-3.0%
8-16-91,7.0%
8-23-91,0.0%
8-30-91,22.0%
9-6-91,3.0%
9-13-91,25.0%
9-20-91,12.0%
9-27-91,0.0%
10-4-91,0.0%
10-11-91,15.0%
10-18-91,-9.0%
10-25-91,-2.0%
11-1-91,16.0%
11-8-91,0.0%
11-15-91,9.0%
11-22-91,28.0%
11-27-91,-7.0%
12-6-91,-22.0%
12-13-91,2.0%
12-20-91,2.0%
12-27-91,7.0%
1-3-92,18.0%
1-10-92,23.0%
1-17-92,23.0%
1-24-92,17.0%
1-31-92,20.0%
2-7-92,11.0%
2-14-92,20.0%
2-21-92,19.0%
2-28-92,22.0%
3-6-92,19.0%
3-13-92,11.0%
3-20-92,25.0%
3-27-92,21.0%
4-3-92,12.0%
4-10-92,13.0%
4-17-92,12.0%
4-24-92,38.0%
5-1-92,-6.0%
5-8-92,17.0%
5-15-92,17.0%
5-22-92,20.0%
5-29-92,25.0%
6-5-92,22.0%
6-12-92,8.0%
6-19-92,7.0%
6-26-92,12.0%
7-2-92,-14.0%
7-9-92,-12.0%
7-17-92,-2.0%
7-24-92,8.0%
7-31-92,-9.0%
8-5-92,-5.0%
8-14-92,-11.0%
8-21-92,-22.0%
8-28-92,-3.0%
9-4-92,-28.0%
9-11-92,-17.0%
9-18-92,-16.0%
9-25-92,-16.0%
10-2-92,-5.0%
10-9-92,-23.0%
10-16-92,-36.0%
10-23-92,-26.0%
10-30-92,5.0%
11-6-92,25.0%
11-13-92,18.0%
11-20-92,34.0%
11-25-92,23.0%
12-4-92,13.0%
12-11-92,28.0%
12-18-92,53.0%
12-24-92,40.0%
1-1-93,47.0%
1-8-93,-11.0%
1-15-93,40.0%
1-22-93,20.0%
1-29-93,17.0%
2-5-93,22.0%
2-12-93,25.0%
2-19-93,19.0%
2-26-93,0.0%
3-5-93,-10.0%
3-12-93,23.0%
3-19-93,14.0%
3-26-93,20.0%
4-2-93,10.0%
4-9-93,3.0%
4-16-93,-3.0%
4-23-93,-2.0%
4-30-93,-19.0%
5-7-93,-13.0%
5-14-93,-19.0%
5-21-93,-24.0%
5-28-93,-15.0%
6-4-93,5.0%
6-11-93,-18.0%
6-18-93,-21.0%
6-25-93,-6.0%
7-2-93,-20.0%
7-9-93,-13.0%
7-16-93,-12.0%
7-23-93,-9.0%
7-30-93,-5.0%
8-6-93,-6.0%
8-13-93,-9.0%
8-20-93,-1.0%
8-27-93,-11.0%
9-3-93,9.0%
9-10-93,-10.0%
9-17-93,-2.0%
9-24-93,-4.0%
10-1-93,-14.0%
10-8-93,-5.0%
10-15-93,0.0%
10-22-93,14.0%
10-29-93,19.0%
11-4-93,0.0%
11-11-93,0.0%
11-18-93,-1.0%
11-24-93,20.0%
12-2-93,-2.0%
12-9-93,13.0%
12-16-93,4.0%
12-23-93,3.0%
12-30-93,16.0%
1-6-94,13.0%
1-13-94,7.0%
1-20-94,22.0%
1-27-94,7.0%
2-3-94,5.0%
2-10-94,25.0%
2-17-94,16.0%
2-24-94,12.0%
3-3-94,4.0%
3-10-94,-8.0%
3-17-94,-11.0%
3-24-94,-5.0%
3-31-94,-21.0%
4-7-94,-13.0%
4-14-94,-19.0%
4-21-94,-7.0%
4-28-94,-11.0%
5-5-94,-4.0%
5-12-94,8.0%
5-19-94,-20.0%
5-26-94,-9.0%
6-2-94,14.0%
6-9-94,3.0%
6-16-94,6.0%
6-23-94,3.0%
6-30-94,1.0%
7-7-94,-12.0%
7-14-94,-10.0%
7-21-94,6.0%
7-28-94,-4.0%
8-4-94,-4.0%
8-11-94,5.0%
8-18-94,0.0%
8-25-94,3.0%
9-1-94,20.0%
9-8-94,27.0%
9-15-94,15.0%
9-22-94,10.0%
9-29-94,8.0%
10-6-94,5.0%
10-13-94,9.0%
10-20-94,11.0%
10-27-94,24.0%
11-3-94,15.0%
11-10-94,5.0%
11-17-94,0.0%
11-23-94,10.0%
11-30-94,18.0%
12-8-94,-5.0%
12-15-94,1.0%
12-22-94,9.0%
12-29-94,23.0%
1-5-95,19.0%
1-12-95,14.0%
1-19-95,13.0%
1-26-95,13.0%
2-2-95,13.0%
2-9-95,11.0%
2-16-95,23.0%
2-23-95,29.0%
3-2-95,32.0%
3-9-95,30.0%
3-16-95,19.0%
3-23-95,24.0%
3-30-95,27.0%
4-6-95,9.0%
4-13-95,3.0%
4-20-95,1.0%
4-27-95,33.0%
5-4-95,11.0%
5-11-95,14.0%
5-18-95,7.0%
5-25-95,14.0%
6-1-95,12.0%
6-8-95,13.0%
6-15-95,3.0%
6-22-95,17.0%
6-29-95,-2.0%
7-6-95,4.0%
7-13-95,6.0%
7-20-95,16.0%
7-27-95,8.0%
8-3-95,10.0%
8-10-95,10.0%
8-17-95,15.0%
8-24-95,-2.0%
8-31-95,18.0%
9-7-95,10.0%
9-14-95,24.0%
9-21-95,17.0%
9-28-95,11.0%
10-5-95,15.0%
10-12-95,12.0%
10-19-95,26.0%
10-26-95,25.0%
11-2-95,28.0%
11-9-95,33.0%
11-16-95,23.0%
11-22-95,14.0%
11-30-95,32.0%
12-7-95,24.0%
12-14-95,25.0%
12-21-95,24.0%
12-28-95,26.0%
1-4-96,28.0%
1-11-96,
1-18-96,13.0%
1-25-96,12.0%
2-1-96,39.0%
2-8-96,37.0%
2-15-96,29.0%
2-22-96,20.0%
2-29-96,18.0%
3-7-96,16.0%
3-14-96,7.0%
3-21-96,25.0%
3-28-96,21.0%
4-4-96,23.0%
4-11-96,22.0%
4-18-96,10.0%
4-25-96,-4.0%
5-2-96,27.0%
5-9-96,30.0%
5-16-96,14.0%
5-23-96,37.0%
5-30-96,51.0%
6-6-96,22.0%
6-13-96,26.0%
6-20-96,16.0%
6-27-96,25.0%
7-3-96,8.0%
7-11-96,15.0%
7-18-96,3.0%
7-25-96,-8.0%
8-1-96,-4.0%
8-8-96,-4.0%
8-15-96,23.0%
8-22-96,2.0%
8-29-96,-1.0%
9-5-96,-7.0%
9-12-96,-2.0%
9-19-96,-3.0%
9-26-96,7.0%
10-3-96,11.0%
10-10-96,12.0%
10-17-96,14.0%
10-24-96,17.0%
10-31-96,3.0%
11-7-96,-3.0%
11-14-96,8.0%
11-21-96,16.0%
11-27-96,31.0%
12-5-96,8.0%
12-12-96,8.0%
12-19-96,-6.0%
12-26-96,7.0%
1-2-97,19.0%
1-9-97,11.0%
1-16-97,16.0%
1-23-97,15.0%
1-30-97,35.0%
2-6-97,23.0%
2-13-97,27.0%
2-20-97,24.0%
2-27-97,48.0%
3-6-97,23.0%
3-13-97,4.0%
3-20-97,14.0%
3-27-97,-6.0%
4-3-97,-2.0%
4-10-97,-11.0%
4-17-97,3.0%
4-24-97,-4.0%
5-1-97,-2.0%
5-8-97,4.0%
5-15-97,18.0%
5-22-97,15.0%
5-29-97,20.0%
6-5-97,37.0%
6-12-97,33.0%
6-19-97,44.0%
6-26-97,29.0%
7-3-97,20.0%
7-10-97,31.0%
7-17-97,38.0%
7-24-97,31.0%
7-31-97,22.0%
8-7-97,26.0%
8-14-97,28.0%
8-21-97,27.0%
8-28-97,28.0%
9-4-97,12.0%
9-11-97,20.0%
9-18-97,24.0%
9-25-97,20.0%
10-2-97,19.0%
10-9-97,29.0%
10-16-97,22.0%
10-23-97,26.0%
10-30-97,18.0%
11-6-97,13.0%
11-13-97,28.0%
11-20-97,18.0%
11-26-97,20.0%
12-4-97,31.0%
12-11-97,29.0%
12-18-97,21.0%
12-24-97,18.0%
12-31-97,3.0%
1-8-98,24.0%
1-16-98,21.0%
1-23-98,1.0%
1-30-98,18.0%
2-5-98,5.0%
2-12-98,26.0%
2-19-98,27.0%
2-26-98,39.0%
3-5-98,40.0%
3-12-98,24.0%
3-19-98,18.0%
3-26-98,25.0%
4-2-98,24.0%
4-9-98,18.0%
4-16-98,38.0%
4-23-98,18.0%
4-30-98,19.0%
5-7-98,20.0%
5-14-98,7.0%
5-21-98,15.0%
5-28-98,8.0%
6-4-98,-6.0%
6-11-98,3.0%
6-18-98,-4.0%
6-25-98,0.0%
7-2-98,14.0%
7-9-98,16.0%
7-16-98,14.0%
7-23-98,13.0%
7-30-98,24.0%
8-6-98,4.0%
8-13-98,-8.0%
8-20-98,-8.0%
8-27-98,-22.0%
9-3-98,-17.0%
9-10-98,-11.0%
9-17-98,3.0%
9-24-98,6.0%
10-1-98,-1.0%
10-8-98,-7.0%
10-15-98,-16.0%
10-22-98,-1.0%
10-29-98,22.0%
11-5-98,18.0%
11-12-98,36.0%
11-19-98,22.0%
11-25-98,31.0%
12-3-98,28.0%
12-10-98,18.0%
12-17-98,16.0%
12-23-98,2.0%
12-31-98,19.0%
1-7-99,15.0%
1-14-99,30.0%
1-21-99,36.0%
1-28-99,27.0%
2-4-99,34.0%
2-11-99,31.0%
2-18-99,13.0%
2-25-99,13.0%
3-4-99,17.0%
3-11-99,16.0%
3-18-99,27.0%
3-25-99,9.0%
4-1-99,15.0%
4-8-99,10.0%
4-15-99,13.0%
4-22-99,8.0%
4-29-99,14.0%
5-6-99,40.0%
5-13-99,17.0%
5-20-99,17.0%
5-27-99,18.0%
6-3-99,0.0%
6-10-99,4.0%
6-17-99,11.0%
6-24-99,-1.0%
7-1-99,8.0%
7-8-99,22.0%
7-15-99,36.0%
7-22-99,33.0%
7-29-99,22.0%
8-5-99,6.0%
8-12-99,0.0%
8-19-99,8.0%
8-26-99,10.0%
9-2-99,26.0%
9-9-99,12.0%
9-16-99,15.0%
9-23-99,8.0%
9-30-99,12.0%
10-7-99,6.0%
10-14-99,23.0%
10-21-99,13.0%
10-28-99,14.0%
11-4-99,21.0%
11-11-99,22.0%
11-18-99,24.0%
11-24-99,38.0%
12-2-99,49.0%
12-9-99,51.0%
12-16-99,34.0%
12-23-99,35.0%
12-30-99,45.0%
1-6-00,61.7%
1-13-00,40.7%
1-20-00,39.3%
1-27-00,33.3%
2-3-00,26.7%
2-10-00,14.0%
2-17-00,3.0%
2-24-00,10.4%
3-2-00,13.3%
3-8-00,41.7%
3-16-00,23.3%
3-23-00,45.7%
3-30-00,-11.1%
4-6-00,25.0%
4-13-00,22.2%
4-20-00,41.2%
4-27-00,46.8%
5-4-00,0.0%
5-11-00,4.7%
5-18-00,-5.9%
5-25-00,-1.6%
6-1-00,4.2%
6-8-00,38.5%
6-15-00,25.0%
6-22-00,-13.3%
7-6-00,40.3%
7-13-00,45.0%
7-20-00,54.7%
7-27-00,22.9%
8-3-00,17.4%
8-10-00,42.6%
8-17-00,40.6%
8-23-00,34.6%
8-31-00,38.2%
9-7-00,54.2%
9-14-00,17.7%
9-21-00,25.0%
9-28-00,46.7%
10-5-00,16.1%
10-12-00,9.8%
10-19-00,24.5%
10-26-00,46.2%
11-2-00,29.0%
11-9-00,54.3%
11-16-00,29.2%
11-23-00,0.0%
11-30-00,43.8%
12-7-00,9.8%
12-14-00,26.9%
12-21-00,-20.0%
12-28-00,8.0%
1-4-01,18.5%
1-11-01,-7.2%
1-18-01,12.2%
1-25-01,23.1%
2-1-01,30.8%
2-8-01,41.1%
2-15-01,8.7%
2-22-01,-12.3%
3-1-01,12.2%
3-8-01,0.0%
3-15-01,-5.5%
3-22-01,-19.4%
3-29-01,9.8%
4-5-01,-3.6%
4-12-01,-10.6%
4-19-01,12.5%
4-26-01,15.5%
5-3-01,41.9%
5-10-01,35.6%
5-17-01,32.9%
5-24-01,45.2%
5-31-01,20.8%
6-7-01,17.0%
6-14-01,8.5%
6-21-01,10.0%
6-28-01,-2.5%
7-5-01,22.2%
7-12-01,-11.0%
7-19-01,34.8%
7-26-01,-8.6%
8-2-01,0.0%
8-9-01,7.2%
8-16-01,-2.1%
8-23-01,3.5%
8-30-01,8.6%
9-6-01,-3.4%
9-13-01,-10.0%
9-20-01,-13.5%
9-27-01,28.9%
10-4-01,22.0%
10-11-01,19.3%
10-18-01,39.4%
10-25-01,38.2%
11-1-01,1.7%
11-8-01,-7.7%
11-15-01,12.1%
11-22-01,33.3%
11-29-01,49.3%
12-6-01,34.7%
12-13-01,47.4%
12-20-01,26.2%
12-27-01,30.8%
1-3-02,26.7%
1-10-02,32.9%
1-17-02,0.0%
1-24-02,4.1%
1-31-02,22.7%
2-7-02,14.6%
2-14-02,29.0%
2-21-02,10.9%
2-28-02,24.1%
3-7-02,37.8%
3-14-02,41.9%
3-21-02,41.9%
3-28-02,27.9%
4-4-02,20.2%
4-11-02,-5.1%
4-18-02,17.0%
4-25-02,13.3%
5-2-02,-6.3%
5-9-02,-10.5%
5-16-02,8.5%
5-23-02,-14.3%
5-29-02,-12.0%
6-6-02,-6.6%
6-13-02,-1.8%
6-20-02,20.0%
6-27-02,-15.1%
7-3-02,-20.3%
7-11-02,-7.2%
7-18-02,-27.5%
7-25-02,-20.9%
8-1-02,2.6%
8-8-02,-1.6%
8-15-02,-3.5%
8-22-02,4.2%
8-29-02,21.0%
9-5-02,-18.5%
9-12-02,1.4%
9-19-02,-9.5%
9-26-02,-22.6%
10-3-02,-12.7%
10-10-02,-26.0%
10-17-02,0.0%
10-24-02,10.9%
10-31-02,23.5%
11-7-02,23.7%
11-14-02,16.2%
11-21-02,29.2%
11-28-02,19.2%
12-5-02,35.3%
12-12-02,17.2%
12-19-02,12.9%
12-26-02,8.0%
1-2-03,-5.4%
1-9-03,-4.8%
1-16-03,0.0%
1-23-03,-18.2%
1-30-03,-22.3%
2-6-03,-2.9%
2-13-03,-16.2%
2-20-03,-36.8%
2-27-03,-21.1%
3-6-03,-6.1%
3-13-03,-17.1%
3-20-03,4.8%
3-27-03,6.7%
4-3-03,-5.9%
4-10-03,7.7%
4-17-03,14.8%
4-24-03,44.0%
5-1-03,22.9%
5-8-03,34.4%
5-15-03,46.5%
5-22-03,2.9%
5-29-03,48.6%
6-5-03,32.8%
6-12-03,20.8%
6-19-03,20.5%
6-26-03,62.9%
7-3-03,5.9%
7-10-03,12.2%
7-17-03,22.7%
7-24-03,21.3%
7-31-03,35.4%
8-7-03,13.0%
8-14-03,27.0%
8-21-03,44.4%
8-28-03,34.0%
9-4-03,45.9%
9-11-03,40.7%
9-18-03,43.1%
9-25-03,35.0%
10-2-03,21.4%
10-9-03,34.4%
10-16-03,46.6%
10-23-03,36.1%
10-30-03,39.1%
11-6-03,40.9%
11-13-03,38.9%
11-20-03,32.3%
11-27-03,39.6%
12-4-03,55.0%
12-11-03,34.2%
12-18-03,40.8%
12-26-03,48.3%
1-1-04,48.9%
1-8-04,49.3%
1-15-04,56.2%
1-22-04,56.1%
1-29-04,41.9%
2-5-04,29.1%
2-12-04,41.5%
2-19-04,35.5%
2-26-04,11.1%
3-4-04,34.8%
3-11-04,7.7%
3-18-04,12.3%
3-25-04,-11.1%
4-1-04,32.8%
4-8-04,38.5%
4-15-04,50.0%
4-22-04,27.5%
4-29-04,28.8%
5-6-04,11.9%
5-13-04,-10.5%
5-20-04,-3.3%
5-27-04,-4.2%
6-3-04,7.1%
6-10-04,39.5%
6-17-04,13.3%
6-24-04,33.3%
7-1-04,41.2%
7-8-04,33.7%
7-15-04,23.7%
7-22-04,11.9%
7-29-04,-2.0%
8-5-04,-2.8%
8-12-04,-1.4%
8-19-04,0.0%
8-26-04,16.1%
9-2-04,13.2%
9-9-04,26.7%
9-16-04,13.6%
9-23-04,24.4%
9-30-04,1.8%
10-7-04,37.2%
10-14-04,16.5%
10-21-04,13.7%
10-28-04,10.6%
11-4-04,34.3%
11-11-04,40.9%
11-18-04,41.7%
11-24-04,22.7%
12-2-04,31.4%
12-9-04,26.1%
12-16-04,33.3%
12-23-04,42.1%
12-30-04,40.1%
1-6-05,3.6%
1-13-05,-5.9%
1-20-05,0.0%
1-27-05,-10.0%
2-3-05,16.7%
2-10-05,20.8%
2-17-05,6.5%
2-24-05,0.0%
3-3-05,12.4%
3-10-05,24.8%
3-17-05,0.0%
3-24-05,-18.7%
3-31-05,-22.6%
4-7-05,-16.1%
4-14-05,-25.3%
4-21-05,4.0%
4-28-05,-5.0%
5-5-05,-16.3%
5-12-05,-5.8%
5-19-05,10.3%
5-26-05,20.7%
6-2-05,29.2%
6-9-05,26.4%
6-16-05,29.2%
6-23-05,28.4%
6-30-05,16.4%
7-7-05,22.6%
7-14-05,43.9%
7-21-05,13.7%
7-28-05,39.9%
8-4-05,21.7%
8-11-05,10.9%
8-18-05,-11.1%
8-25-05,4.8%
9-1-05,-5.9%
9-8-05,9.6%
9-15-05,22.9%
9-22-05,7.0%
9-29-05,-7.3%
10-6-05,22.6%
10-13-05,-9.1%
10-20-05,7.2%
10-27-05,-14.1%
11-3-05,15.4%
11-10-05,35.6%
11-17-05,31.8%
11-24-05,41.3%
12-1-05,29.0%
12-8-05,30.5%
12-15-05,24.0%
12-22-05,12.8%
12-29-05,0.8%
1-5-06,-10.9%
1-12-06,39.9%
1-19-06,24.2%
1-26-06,-2.6%
2-2-06,11.4%
2-9-06,5.6%
2-16-06,4.5%
2-23-06,14.8%
3-2-06,11.8%
3-9-06,10.4%
3-16-06,13.8%
3-23-06,16.3%
3-30-06,4.7%
4-6-06,24.4%
4-13-06,17.5%
4-20-06,-7.1%
4-27-06,6.2%
5-4-06,12.3%
5-11-06,27.5%
5-18-06,-4.3%
5-25-06,-12.5%
6-1-06,-19.2%
6-8-06,-18.9%
6-15-06,-28.6%
6-22-06,-7.2%
6-29-06,-1.2%
7-6-06,-4.9%
7-13-06,-2.9%
7-20-06,-34.0%
7-27-06,-8.1%
8-3-06,-15.7%
8-10-06,-4.9%
8-17-06,-5.3%
8-24-06,1.9%
8-31-06,15.7%
9-7-06,13.1%
9-14-06,9.6%
9-21-06,13.5%
9-28-06,18.4%
10-5-06,-8.9%
10-12-06,11.2%
10-19-06,24.4%
10-26-06,21.7%
11-2-06,6.9%
11-9-06,24.1%
11-16-06,16.0%
11-23-06,0.0%
11-30-06,-7.3%
12-7-06,-2.7%
12-14-06,3.3%
12-21-06,-3.5%
12-28-06,10.0%
1-4-07,19.8%
1-11-07,10.2%
1-18-07,30.5%
1-25-07,6.2%
2-1-07,15.8%
2-8-07,16.2%
2-15-07,16.5%
2-22-07,31.5%
3-1-07,-3.0%
3-8-07,-9.1%
3-15-07,-12.4%
3-22-07,10.8%
3-29-07,17.1%
4-5-07,-7.5%
4-12-07,2.8%
4-19-07,17.4%
4-26-07,1.3%
5-3-07,-25.7%
5-10-07,0.0%
5-17-07,1.8%
5-24-07,-1.2%
5-31-07,-11.5%
6-7-07,-2.0%
6-14-07,-6.4%
6-21-07,9.5%
6-28-07,3.3%
7-5-07,11.0%
7-12-07,13.6%
7-19-07,5.1%
7-26-07,7.4%
8-2-07,5.9%
8-9-07,6.8%
8-16-07,-3.3%
8-23-07,-1.8%
8-30-07,-6.0%
9-6-07,-4.0%
9-13-07,4.7%
9-20-07,7.6%
9-27-07,15.2%
10-4-07,26.5%
10-11-07,28.9%
10-18-07,6.3%
10-25-07,-17.0%
11-1-07,8.2%
11-8-07,-15.2%
11-15-07,-16.5%
11-22-07,-27.1%
11-29-07,-27.6%
12-6-07,0.8%
12-13-07,11.9%
12-20-07,-11.3%
12-27-07,-20.0%
1-3-08,-29.5%
1-10-08,-39.3%
1-17-08,-30.1%
1-24-08,-33.9%
1-31-08,-18.8%
2-7-08,-13.1%
2-14-08,-8.5%
2-21-08,-11.5%
2-28-08,-11.0%
3-6-08,-29.7%
3-13-08,-38.7%
3-20-08,-29.1%
3-27-08,8.0%
4-3-08,-2.7%
4-10-08,8.5%
4-17-08,-18.3%
4-24-08,19.2%
5-1-08,27.0%
5-8-08,28.1%
5-15-08,15.5%
5-22-08,12.0%
5-29-08,-14.4%
6-5-08,5.4%
6-12-08,-22.3%
6-19-08,-12.8%
6-26-08,-21.0%
7-3-08,-28.2%
7-10-08,-33.0%
7-17-08,-33.1%
7-24-08,-8.2%
7-31-08,-1.2%
8-7-08,-6.8%
8-14-08,3.9%
8-21-08,0.8%
8-28-08,-14.8%
9-4-08,-6.2%
9-11-08,-25.6%
9-18-08,-27.2%
9-25-08,-11.7%
10-2-08,-21.7%
10-9-08,-29.4%
10-16-08,1.2%
10-23-08,0.0%
10-30-08,-3.4%
11-6-08,11.5%
11-13-08,-4.2%
11-20-08,-32.8%
11-27-08,-13.6%
12-4-08,-21.1%
12-11-08,-2.3%
12-18-08,4.1%
12-25-08,-14.9%
1-1-09,-30.7%
1-8-09,13.6%
1-15-09,-19.7%
1-22-09,-19.1%
1-29-09,-22.0%
2-5-09,-19.4%
2-12-09,-6.3%
2-19-09,-35.1%
2-26-09,-30.8%
3-5-09,-51.4%
3-12-09,-26.8%
3-19-09,6.8%
3-26-09,-3.3%
4-2-09,5.6%
4-9-09,-8.6%
4-16-09,8.3%
4-23-09,-6.8%
4-30-09,-7.5%
5-7-09,10.8%
5-14-09,8.6%
5-21-09,-11.6%
5-28-09,-8.3%
6-4-09,11.0%
6-11-09,0.0%
6-18-09,-13.1%
6-25-09,-20.8%
7-2-09,-6.8%
7-9-09,-26.7%
7-16-09,-18.4%
7-23-09,-4.8%
7-30-09,16.3%
8-6-09,14.8%
8-13-09,18.0%
8-20-09,-5.9%
8-27-09,-14.6%
9-3-09,0.0%
9-10-09,-6.7%
9-17-09,2.1%
9-24-09,-5.5%
10-1-09,8.1%
10-8-09,-6.1%
10-15-09,13.5%
10-22-09,4.8%
10-29-09,-8.7%
11-5-09,-33.3%
11-12-09,0.0%
11-19-09,10.9%
11-26-09,0.0%
12-3-09,7.9%
12-10-09,7.3%
12-17-09,13.7%
12-24-09,0.0%
12-31-09,26.2%
1-7-10,15.0%
1-14-10,20.5%
1-21-10,5.3%
1-28-10,-1.7%
2-4-10,-13.9%
2-11-10,-5.1%
2-18-10,0.6%
2-25-10,5.4%
3-4-10,9.7%
3-11-10,20.0%
3-18-10,5.5%
3-25-10,-2.3%
4-1-10,10.1%
4-8-10,12.5%
4-15-10,18.8%
4-22-10,3.9%
4-29-10,12.7%
5-6-10,10.6%
5-13-10,0.0%
5-20-10,7.6%
5-27-10,-21.1%
6-3-10,-3.8%
6-10-10,-8.6%
6-17-10,11.8%
6-24-10,2.0%
7-1-10,-17.3%
7-8-10,-36.1%
7-15-10,1.6%
7-22-10,-12.9%
7-29-10,6.7%
8-5-10,-7.9%
8-12-10,9.6%
8-19-10,-12.4%
8-26-10,-28.7%
9-2-10,-11.4%
9-9-10,12.3%
9-16-10,26.6%
9-23-10,19.6%
9-30-10,10.9%
10-7-10,21.3%
10-14-10,20.3%
10-21-10,24.4%
10-28-10,29.6%
11-4-10,18.4%
11-11-10,29.1%
11-18-10,7.5%
11-25-10,22.7%
12-2-10,23.5%
12-9-10,30.5%
12-16-10,23.1%
12-23-10,46.9%
12-30-10,31.6%
1-6-11,37.6%
1-13-11,28.9%
1-20-11,21.7%
1-27-11,7.8%
2-3-11,24.7%
2-10-11,22.5%
2-17-11,21.0%
2-24-11,0.5%
3-3-11,3.6%
3-10-11,3.7%
3-17-11,-11.6%
3-24-11,2.8%
3-31-11,10.7%
4-7-11,14.7%
4-14-11,11.3%
4-21-11,1.2%
4-28-11,7.3%
5-5-11,3.6%
5-12-11,-4.7%
5-19-11,-14.6%
5-26-11,-15.8%
6-2-11,-3.3%
6-9-11,-23.3%
6-16-11,-13.8%
6-23-11,1.7%
6-30-11,8.1%
7-7-11,17.1%
7-14-11,10.1%
7-21-11,9.3%
7-28-11,6.4%
8-4-11,-22.7%
8-11-11,-11.4%
8-18-11,-4.3%
8-25-11,-4.5%
9-1-11,6.3%
9-8-11,-10.1%
9-15-11,-10.9%
9-22-11,-22.7%
9-29-11,-14.3%
10-6-11,-10.5%
10-13-11,3.4%
10-20-11,1.4%
10-27-11,18.0%
11-3-11,10.6%
11-10-11,20.2%
11-17-11,10.9%
11-24-11,-5.6%
12-1-11,-6.4%
12-8-11,3.8%
12-15-11,6.5%
12-22-11,5.5%
12-29-11,9.8%
1-5-12,31.7%
1-12-12,32.0%
1-19-12,23.6%
1-26-12,29.5%
2-2-12,18.7%
2-9-12,31.5%
2-16-12,16.1%
2-23-12,16.2%
3-1-12,17.7%
3-8-12,13.4%
3-15-12,18.4%
3-22-12,14.6%
3-29-12,17.0%
4-5-12,10.4%
4-12-12,-13.4%
4-19-12,-2.7%
4-26-12,-9.8%
5-3-12,6.9%
5-10-12,-16.7%
5-17-12,-22.4%
5-24-12,-8.2%
5-31-12,-14.0%
6-7-12,-18.3%
6-14-12,-1.8%
6-21-12,-3.0%
6-28-12,-15.7%
7-5-12,-0.7%
7-12-12,-4.5%
7-19-12,-19.6%
7-26-12,-15.0%
8-2-12,-4.5%
8-9-12,9.1%
8-16-12,8.8%
8-23-12,16.1%
8-30-12,2.1%
9-6-12,0.0%
9-13-12,3.5%
9-20-12,3.7%
9-27-12,-0.4%
10-4-12,0.6%
10-11-12,-8.3%
10-18-12,-15.9%
10-25-12,-13.8%
11-1-12,-5.2%
11-8-12,-1.4%
11-15-12,-20.0%
11-22-12,-5.0%
11-28-12,6.6%
12-6-12,7.6%
12-13-12,13.2%
12-20-12,21.6%
12-27-12,14.2%
1-3-13,2.5%
1-10-13,19.5%
1-17-13,16.6%
1-24-13,28.1%
1-31-13,23.7%
2-7-13,13.2%
2-14-13,13.5%
2-21-13,9.3%
2-28-13,-8.2%
3-7-13,-7.5%
3-14-13,13.4%
3-21-13,5.6%
3-28-13,9.7%
4-4-13,7.3%
4-11-13,-35.2%
4-18-13,-21.4%
4-25-13,-10.5%
5-2-13,-4.9%
5-9-13,13.4%
5-16-13,9.1%
5-23-13,27.4%
5-30-13,6.3%
6-6-13,-9.5%
6-13-13,-1.6%
6-20-13,7.5%
6-27-13,-4.9%
7-4-13,18.1%
7-11-13,30.6%
7-18-13,26.5%
7-25-13,22.6%
8-1-13,10.6%
8-8-13,12.9%
8-15-13,6.3%
8-22-13,-13.9%
8-29-13,2.8%
9-5-13,4.3%
9-12-13,20.9%
9-19-13,15.4%
9-26-13,5.4%
10-3-13,7.8%
10-10-13,7.7%
10-17-13,21.4%
10-24-13,31.6%
10-31-13,23.5%
11-7-13,23.7%
11-14-13,11.7%
11-21-13,4.9%
11-28-13,19.0%
12-5-13,15.1%
12-12-13,16.3%
12-19-13,22.4%
12-26-13,36.5%
1-2-14,13.8%
1-9-14,18.6%
1-16-14,17.5%
1-23-14,14.4%
1-30-14,-0.6%
2-6-14,-8.5%
2-13-14,12.8%
2-20-14,19.4%
2-27-14,18.6%
3-6-14,13.9%
3-13-14,14.5%
3-20-14,10.6%
3-27-14,2.5%
4-3-14,8.6%
4-10-14,-5.6%
4-17-14,-7.0%
4-24-14,8.5%
5-1-14,0.3%
5-8-14,-0.3%
5-15-14,10.5%
5-22-14,4.0%
5-29-14,13.3%
6-5-14,17.3%
6-12-14,23.4%
6-19-14,11.0%
6-26-14,16.1%
7-3-14,16.1%
7-10-14,9.0%
7-17-14,3.9%
7-24-14,-0.3%
7-31-14,0.0%
8-7-14,-7.3%
8-14-14,12.9%
8-21-14,22.5%
8-28-14,32.7%
9-4-14,20.7%
9-11-14,13.8%
9-18-14,19.3%
9-25-14,13.6%
10-2-14,4.5%
10-9-14,8.9%
10-16-14,9.0%
10-23-14,27.2%
10-30-14,28.3%
11-6-14,37.6%
11-13-14,38.6%
11-20-14,25.3%
11-27-14,31.4%
12-4-14,16.7%
12-11-14,22.7%
12-18-14,11.9%
12-25-14,32.1%
1-1-15,32.4%
1-8-15,13.3%
1-15-15,24.6%
1-22-15,6.3%
1-29-15,21.8%
2-5-15,3.1%
2-12-15,19.7%
2-19-15,29.1%
2-26-15,25.1%
3-5-15,16.4%
3-12-15,6.2%
3-19-15,-4.3%
3-26-15,14.0%
4-2-15,3.4%
4-9-15,4.6%
4-16-15,9.3%
4-23-15,8.3%
4-30-15,8.9%
5-7-15,0.2%
5-14-15,0.4%
5-21-15,0.2%
5-28-15,1.9%
6-4-15,2.7%
6-11-15,-12.5%
6-18-15,-8.9%
6-25-15,13.9%
7-2-15,-12.5%
7-9-15,-1.3%
7-16-15,7.6%
7-23-15,6.9%
7-30-15,-19.6%
8-6-15,-7.3%
8-13-15,-5.7%
8-20-15,-6.5%
8-27-15,-5.8%
9-3-15,0.7%
9-10-15,-0.4%
9-17-15,4.1%
9-24-15,3.4%
10-1-15,-11.8%
10-8-15,9.3%
10-15-15,6.9%
10-22-15,10.7%
10-29-15,19.8%
11-5-15,20.4%
11-12-15,11.3%
11-19-15,0.2%
11-26-15,6.3%
12-3-15,8.3%
12-10-15,-1.4%
12-17-15,-15.5%
12-24-15,-5.1%
12-31-15,1.5%
1-7-16,-16.1%
1-14-16,-27.6%
1-21-16,-27.2%
1-28-16,-10.2%
2-4-16,-7.2%
2-11-16,-29.5%
2-18-16,-10.2%
2-25-16,-0.2%
3-3-16,2.8%
3-10-16,13.0%
3-17-16,3.1%
3-24-16,10.1%
3-31-16,1.4%
4-7-16,10.7%
4-14-16,3.0%
4-21-16,9.5%
4-28-16,-1.2%
5-5-16,-8.0%
5-12-16,-10.9%
5-19-16,-14.8%
5-26-16,-11.6%
6-2-16,1.1%
6-9-16,0.0%
6-16-16,-12.2%
6-23-16,-13.3%
6-30-16,-4.5%
7-7-16,4.4%
7-14-16,12.4%
7-21-16,8.7%
7-28-16,2.8%
8-4-16,3.0%
8-11-16,4.5%
8-18-16,9.2%
8-25-16,-0.2%
9-1-16,-2.9%
9-8-16,1.3%
9-15-16,-8.0%
9-22-16,-13.5%
9-29-16,-13.1%
10-6-16,0.9%
10-13-16,-8.3%
10-20-16,-14.1%
10-27-16,-9.3%
11-3-16,-10.7%
11-10-16,9.6%
11-17-16,20.1%
11-24-16,27.8%
12-1-16,18.7%
12-8-16,16.6%
12-15-16,12.3%
12-22-16,15.5%
12-29-16,19.8%
1-5-17,21.0%
1-12-17,16.7%
1-19-17,4.3%
1-26-17,-1.9%
2-2-17,-1.4%
2-9-17,8.1%
2-16-17,0.7%
2-23-17,6.2%
3-2-17,2.3%
3-9-17,-16.5%
3-16-17,-7.5%
3-23-17,4.8%
3-30-17,-7.2%
4-6-17,-11.3%
4-13-17,-8.4%
4-20-17,-13.0%
4-27-17,6.3%
5-4-17,8.1%
5-11-17,2.5%
5-18-17,-10.4%
5-25-17,2.9%
6-1-17,-4.6%
6-8-17,5.9%
6-15-17,2.8%
6-22-17,3.7%
6-29-17,2.9%
7-6-17,-0.3%
7-13-17,-1.4%
7-20-17,9.7%
7-27-17,10.1%
8-3-17,4.0%
8-10-17,1.3%
8-17-17,1.4%
8-24-17,-10.2%
8-31-17,-14.9%
9-7-17,-6.5%
9-14-17,19.3%
9-21-17,12.9%
9-28-17,4.6%
10-5-17,2.8%
10-12-17,12.9%
10-19-17,10.0%
10-26-17,6.6%
11-2-17,16.5%
11-9-17,22.0%
11-16-17,-5.9%
11-23-17,6.5%
11-30-17,4.3%
12-7-17,2.7%
12-14-17,16.9%
12-21-17,24.9%
12-28-17,32.0%
1-4-18,44.2%
1-11-18,23.6%
1-18-18,32.7%
1-25-18,21.4%
2-1-18,16.0%
2-8-18,2.0%
2-15-18,27.1%
2-22-18,21.9%
3-1-18,13.9%
3-8-18,-2.0%
3-15-18,15.5%
3-22-18,4.7%
3-29-18,-3.4%
4-5-18,-4.7%
4-12-18,-16.7%
4-19-18,8.6%
4-26-18,11.4%
5-3-18,-1.9%
5-10-18,8.0%
5-17-18,16.1%
5-24-18,13.4%
5-31-18,8.7%
6-7-18,12.2%
6-14-18,23.1%
6-21-18,12.5%
6-28-18,-12.4%
7-5-18,-11.4%
7-12-18,13.9%
7-19-18,9.7%
7-26-18,4.6%
8-2-18,-3.0%
8-9-18,5.3%
8-16-18,7.1%
8-23-18,11.4%
8-30-18,19.1%
9-6-18,15.9%
9-13-18,-0.7%
9-20-18,0.0%
9-27-18,5.1%
10-4-18,20.5%
10-11-18,-4.8%
10-18-18,-1.1%
10-25-18,-13.0%
11-1-18,3.4%
11-8-18,10.1%
11-15-18,-0.9%
11-22-18,-21.9%
11-29-18,-5.6%
12-6-18,7.4%
12-13-18,-28.0%
12-20-18,-22.4%
12-27-18,-18.8%
1-3-19,-9.7%
1-10-19,9.1%
1-17-19,-2.7%
1-24-19,5.3%
1-31-19,0.0%
2-7-19,17.1%
2-14-19,10.0%
2-21-19,13.9%
2-28-19,21.6%
3-7-19,10.6%
3-14-19,1.4%
3-21-19,13.9%
3-28-19,6.0%
4-4-19,6.8%
4-11-19,19.9%
4-18-19,15.7%
4-25-19,13.4%
5-2-19,17.7%
5-9-19,19.9%
5-16-19,-9.5%
5-23-19,-11.4%
5-30-19,-15.3%
6-6-19,-20.1%
6-13-19,-7.4%
6-20-19,-2.6%
6-27-19,-2.5%
7-3-19,0.8%
7-11-19,6.1%
7-18-19,7.3%
7-25-19,-0.3%
8-1-19,14.4%
8-8-19,-26.5%
8-15-19,-21.7%
8-22-19,-13.1%
8-29-19,-16.1%
9-5-19,-10.9%
9-12-19,1.9%
9-19-19,7.5%
9-26-19,-3.9%
10-3-19,-18.1%
10-10-19,-23.7%
10-17-19,2.6%
10-24-19,7.3%
10-31-19,5.5%
11-7-19,16.4%
11-14-19,15.9%
11-21-19,5.2%
11-29-19,3.4%
12-5-19,2.6%
12-12-19,11.6%
12-19-19,23.6%
12-26-19,20.4%
1-2-20,15.3%
1-9-20,3.2%
1-16-20,14.3%
1-23-20,20.8%
1-30-20,-4.9%
2-6-20,-1.3%
2-13-20,14.9%
2-20-20,11.9%
2-27-20,-8.7%
3-5-20,-0.9%
3-12-20,-21.6%
3-19-20,-16.8%
3-26-20,-19.2%
4-2-20,-15.5%
4-9-20,-8.1%
4-16-20,-7.9%
4-23-20,-25.1%
4-30-20,-13.4%
5-7-20,-29.0%
5-14-20,-27.3%
5-21-20,-16.0%
5-28-20,-9.1%
6-4-20,-4.3%
6-11-20,-3.8%
6-18-20,-23.4%
6-25-20,-24.8%
7-2-20,-23.7%
7-9-20,-15.5%
7-16-20,-14.5%
7-23-20,-20.8%
7-30-20,-28.2%
8-6-20,-24.3%
8-13-20,-12.1%
8-20-20,-12.0%
8-27-20,-7.5%
9-3-20,-11.0%
9-10-20,-24.7%
9-17-20,-8.4%
9-24-20,-21.1%
10-1-20,-16.8%
10-8-20,-4.2%
10-15-20,-1.0%
10-22-20,2.7%
10-29-20,0.0%
11-5-20,6.5%
11-12-20,31.0%
11-19-20,18.0%
11-27-20,19.8%
12-3-20,26.4%
12-10-20,21.2%
12-17-20,17.1%
12-24-20,21.6%
12-31-20,19.3%
1-7-21,13.5%
1-21-21,8.1%
1-28-21,-0.6%
2-4-21,1.8%
2-11-21,19.2%
2-18-21,21.7%
2-25-21,22.1%
3-4-21,14.9%
3-11-21,25.9%
3-18-21,25.4%
3-25-21,30.4%
4-1-21,22.6%
4-8-21,36.5%
4-15-21,29.2%
4-22-21,32.2%
4-29-21,16.9%
5-6-21,21.2%
5-13-21,9.6%
5-20-21,10.8%
5-27-21,10.0%
6-3-21,24.3%
6-10-21,19.5%
6-17-21,15.0%
6-24-21,17.1%
7-1-21,26.5%
7-8-21,15.7%
7-15-21,9.4%
7-22-21,0.0%
7-29-21,12.1%
8-5-21,4.4%
8-12-21,5.5%
8-19-21,-1.9%
8-26-21,6.6%
9-2-21,10.1%
9-9-21,11.7%
9-16-21,-16.8%
9-23-21,-9.3%
9-30-21,-12.6%
10-7-21,-11.3%
10-14-21,6.2%
10-21-21,19.1%
10-27-21,10.4%
11-4-21,15.5%
11-11-21,24.0%
11-18-21,11.6%
11-24-21,-1.9%
12-2-21,-15.7%
12-9-21,-0.8%
12-16-21,-14.1%
12-23-21,-4.3%
12-30-21,7.1%
1-6-22,-0.6%
1-13-22,-13.4%
1-20-22,-25.8%
1-27-22,-29.8%
2-3-22,-17.2%
2-10-22,-11.1%
2-17-22,-23.9%
2-24-22,-30.3%
3-3-22,-11.0%
3-10-22,-21.8%
3-17-22,-27.3%
3-24-22,-2.6%
3-31-22,4.3%
4-7-22,-16.7%
4-14-22,-32.6%
4-21-22,-25.0%
4-28-22,-42.9%
5-5-22,-26.0%
5-12-22,-24.7%
5-19-22,-24.4%
5-26-22,-33.6%
6-2-22,-5.0%
6-9-22,-25.9%
6-16-22,-38.9%
6-23-22,-41.1%
6-30-22,-23.9%
7-7-22,-33.4%
7-14-22,-19.6%
7-21-22,-12.6%
7-28-22,-12.4%
8-4-22,-8.3%
8-11-22,-4.5%
8-18-22,-3.8%
8-25-22,-14.7%
9-1-22,-28.5%
9-8-22,-35.2%
9-15-22,-19.9%
9-22-22,-43.1%
9-29-22,-40.9%
10-6-22,-30.8%
10-13-22,-35.6%
10-20-22,-33.6%
10-27-22,-19.1%
11-3-22,-2.3%
