,외국인 보유금액 (단위:조원),,외환보유액(단위:억달러),,,FTSE지수(종가기준),,,MSCI지수(종가기준),,,,,,,,,,,,,,,
200101월,81.8,199701월,272,,200007월,84.6,,200408월,237.37,,외평채 스프레드 추이(단위:bp),2013년물(USD),"2014년물(4월,USD)","2014년물(9월,USD)",2015년물(EUR),2016년물(USD),2019년물(USD),2023년물(USD),2024년물(USD),2027년물(USD),2028년물(USD),2029년물(USD),2044년물(USD),2048년물(USD)
200102월,76,199702월,228,,200008월,82.12,,200409월,245.87,,200306월,109,-,-,-,-,-,-,-,-,-,-,-,-
200103월,70.7,199703월,211,,200009월,70.99,,200410월,243.79,,200307월,110,-,-,-,-,-,-,-,-,-,-,-,-
200104월,80.7,199704월,218,,200010월,57.27,,200411월,252.75,,200308월,92,-,-,-,-,-,-,-,-,-,-,-,-
200105월,84.8,199705월,239,,200011월,57.25,,200412월,256.4,,200309월,78,-,-,-,-,-,-,-,-,-,-,-,-
200106월,83,199706월,253,,200012월,56.93,,200501월,269.87,,200310월,72,-,-,-,-,-,-,-,-,-,-,-,-
200107월,78.1,199707월,257,,200101월,71.89,,200502월,290.05,,200311월,66,-,-,-,-,-,-,-,-,-,-,-,-
200108월,75.7,199708월,231,,200102월,64.27,,200503월,275.98,,200312월,46,-,-,-,-,-,-,-,-,-,-,-,-
200109월,65.3,199709월,224,,200103월,59.76,,200504월,257.79,,200401월,63,-,-,-,-,-,-,-,-,-,-,-,-
200110월,76.2,199710월,223,,200104월,67.33,,200505월,273.48,,200402월,63,-,-,-,-,-,-,-,-,-,-,-,-
200111월,95,199711월,73,,200105월,69.1,,200506월,281.07,,200403월,64,-,-,-,-,-,-,-,-,-,-,-,-
200112월,100.8,199712월,89,,200106월,65.81,,200507월,313.56,,200404월,67,-,-,-,-,-,-,-,-,-,-,-,-
200201월,121.1,199801월,124,,200107월,59.74,,200508월,307.52,,200405월,80,-,-,-,-,-,-,-,-,-,-,-,-
200202월,133.3,199802월,185,,200108월,60.43,,200509월,345.21,,200406월,77,-,-,-,-,-,-,-,-,-,-,-,-
200203월,146.2,199803월,242,,200109월,51.14,,200510월,324.28,,200407월,75,-,-,-,-,-,-,-,-,-,-,-,-
200204월,140.5,199804월,308,,200110월,59.79,,200511월,360.28,,200408월,69,-,-,-,-,-,-,-,-,-,-,-,-
200205월,134.3,199805월,344,,200111월,75.07,,200512월,386.26,,200409월,75,-,97,-,-,-,-,-,-,-,-,-,-
200206월,125.9,199806월,370,,200112월,82.59,,200601월,398.14,,200410월,56,-,73,-,-,-,-,-,-,-,-,-,-
200207월,121.4,199807월,393,,200201월,87.53,,200602월,387.84,,200411월,62,-,85,-,-,-,-,-,-,-,-,-,-
200208월,122.5,199808월,414,,200202월,96.2,,200603월,386.03,,200412월,66,-,82,-,-,-,-,-,-,-,-,-,-
200209월,106.8,199809월,434,,200203월,104.67,,200604월,400.15,,200501월,61,-,72,-,-,-,-,-,-,-,-,-,-
200210월,109,199810월,453,,200204월,103.51,,200605월,370.41,,200502월,61,-,70,-,-,-,-,-,-,-,-,-,-
200211월,123.7,199811월,465,,200205월,98.32,,200606월,365.32,,200503월,74,-,83,-,-,-,-,-,-,-,-,-,-
200212월,107.6,199812월,485,,200206월,93.26,,200607월,367,,200504월,78,-,85,-,-,-,-,-,-,-,-,-,-
200301월,102.8,199901월,501,,200207월,89.67,,200608월,378.38,,200505월,71,-,77,-,-,-,-,-,-,-,-,-,-
200302월,97.9,199902월,520,,200208월,91.3,,200609월,383.95,,200506월,64,-,73,-,-,-,-,-,-,-,-,-,-
200303월,89.9,199903월,545,,200209월,79.65,,200610월,380.6,,200507월,60,-,68,-,-,-,-,-,-,-,-,-,-
200304월,99.1,199904월,564,,200210월,83.14,,200611월,396.38,,200508월,63,-,74,-,-,-,-,-,-,-,-,-,-
200305월,106.4,199905월,587,,200211월,92.8,,200612월,395.18,,200509월,57,-,68,-,-,-,-,-,-,-,-,-,-
200306월,115.8,199906월,604,,200212월,79.07,,200701월,379.3,,200510월,62,-,72,23,-,-,-,-,-,-,-,-,-
200307월,129.9,199907월,640,,200301월,73.94,,200702월,395.57,,200511월,65,-,74,25,-,-,-,-,-,-,-,-,-
200308월,140.9,199908월,648,,200302월,71.08,,200703월,404.75,,200512월,67,-,74,23,-,-,-,-,-,-,-,-,-
200309월,132.2,199909월,655,,200303월,67.19,,200704월,424.43,,200601월,64,-,65,18,-,-,-,-,-,-,-,-,-
200310월,156.1,199910월,662,,200304월,74.76,,200705월,458.21,,200602월,62,-,63,15,-,-,-,-,-,-,-,-,-
200311월,156.3,199911월,697,,200305월,77.98,,200706월,469.6,,200603월,76,-,75,19,-,-,-,-,-,-,-,-,-
200312월,161.8,199912월,741,,200306월,83.44,,200707월,518.36,,200604월,65,-,65,22,-,-,-,-,-,-,-,-,-
200401월,177.2,200001월,768,,200307월,90.91,,200708월,505.53,,200605월,67,-,70,24,-,-,-,-,-,-,-,-,-
200402월,186.2,200002월,797,,200308월,96.36,,200709월,529.84,,200606월,80,-,81,24,-,-,-,-,-,-,-,-,-
200403월,189,200003월,837,,200309월,88.1,,200710월,558.47,,200607월,71,-,73,20,-,-,-,-,-,-,-,-,-
200404월,185.6,200004월,846,,200310월,100.33,,200711월,516.72,,200608월,69,-,70,19,-,-,-,-,-,-,-,-,-
200405월,167,200005월,868,,200311월,102.31,,200712월,516.89,,200609월,68,-,69,17,-,-,-,-,-,-,-,-,-
200406월,162.9,200006월,902,,200312월,104.63,,200801월,447.04,,200610월,67,-,67,17,-,-,-,-,-,-,-,-,-
200407월,152.9,200007월,904,,200401월,110.96,,200802월,465.82,,200611월,64,-,68,17,-,-,-,-,-,-,-,-,-
200408월,165.6,200008월,914,,200402월,115.7,,200803월,469.76,,200612월,60,-,64,23,70,-,-,-,-,-,-,-,-
200409월,173.1,200009월,925,,200403월,115.72,,200804월,509.68,,200701월,66,-,66,19,72,-,-,-,-,-,-,-,-
200410월,171.3,200010월,927,,200404월,112.91,,200805월,513.97,,200702월,64,-,64,26,73,-,-,-,-,-,-,-,-
200411월,179.1,200011월,933,,200405월,105.55,,200806월,458.03,,200703월,63,-,62,24,72,-,-,-,-,-,-,-,-
200412월,179.7,200012월,962,,200406월,102.24,,200807월,435.65,,200704월,59,-,60,20,68,-,-,-,-,-,-,-,-
200501월,190.4,200101월,954,,200407월,95.06,,200808월,404.03,,200705월,58,-,58,16,66,-,-,-,-,-,-,-,-
200502월,206.4,200102월,953,,200408월,103.86,,200809월,400.17,,200706월,65,-,63,17,69,-,-,-,-,-,-,-,-
200503월,195,200103월,944,,200409월,107.45,,200810월,316.21,,200707월,94,-,95,17,100,-,-,-,-,-,-,-,-
200504월,182.6,200104월,935,,200410월,107.08,,200811월,298.78,,200708월,97,-,87,30,98,-,-,-,-,-,-,-,-
200505월,194,200105월,936,,200411월,111.54,,200812월,306.95,,200709월,93,-,74,29,86,-,-,-,-,-,-,-,-
200506월,200.7,200106월,943,,200412월,113.59,,200901월,320.03,,200710월,93,-,73,29,86,-,-,-,-,-,-,-,-
200507월,223.8,200107월,971,,200501월,117.43,,200902월,291.52,,200711월,131,-,100,43,117,-,-,-,-,-,-,-,-
200508월,218.9,200108월,990,,200502월,127.22,,200903월,332.14,,200712월,130,-,98,45,110,-,-,-,-,-,-,-,-
200509월,244,200109월,"1,001",,200503월,120.84,,200904월,373.93,,200801월,140,-,173,59,126,-,-,-,-,-,-,-,-
200510월,229.2,200110월,"1,005",,200504월,112.99,,200905월,380.59,,200802월,156,-,194,69,131,-,-,-,-,-,-,-,-
200511월,254.5,200111월,"1,017",,200505월,120.01,,200906월,382.45,,200803월,183,-,206,76,122,-,-,-,-,-,-,-,-
200512월,270.2,200112월,"1,028",,200506월,123.44,,200907월,437.1,,200804월,150,-,178,59,108,-,-,-,-,-,-,-,-
200601월,281.7,200201월,"1,043",,200507월,137.45,,200908월,449.7,,200805월,153,-,183,62,113,-,-,-,-,-,-,-,-
200602월,276.9,200202월,"1,051",,200508월,134.56,,200909월,475.42,,200806월,172,-,196,73,133,-,-,-,-,-,-,-,-
200603월,277.2,200203월,"1,061",,200509월,151.19,,200910월,447.08,,200807월,156,-,182,76,112,-,-,-,-,-,-,-,-
200604월,287.5,200204월,"1,077",,200510월,142.12,,200911월,443.18,,200808월,176,-,195,82,137,-,-,-,-,-,-,-,-
200605월,264.6,200205월,"1,096",,200511월,158.61,,200912월,480.78,,200809월,230,-,229,93,235,-,-,-,-,-,-,-,-
200606월,259,200206월,"1,124",,200512월,170.85,,201001월,456.36,,200810월,552,-,591,375,536,-,-,-,-,-,-,-,-
200607월,256.5,200207월,"1,155",,200601월,176.16,,201002월,450.47,,200811월,486,-,509,310,445,-,-,-,-,-,-,-,-
200608월,261.9,200208월,"1,165",,200602월,171.3,,201003월,480.16,,200812월,396,-,411,324,408,-,-,-,-,-,-,-,-
200609월,263.4,200209월,"1,167",,200603월,170.44,,201004월,496.79,,200901월,355,-,370,310,350,-,-,-,-,-,-,-,-
200610월,260.8,200210월,"1,170",,200604월,178.12,,201005월,466.81,,200902월,340,-,350,345,345,-,-,-,-,-,-,-,-
200611월,271,200211월,"1,183",,200605월,165.18,,201006월,478.94,,200903월,363,-,366,410,392,-,-,-,-,-,-,-,-
200612월,272.8,200212월,"1,214",,200606월,162.68,,201007월,498.48,,200904월,303,353,333,391,297,347,-,-,-,-,-,-,-
200701월,277.6,200301월,"1,229",,200607월,164.19,,201008월,491.48,,200905월,255,285,285,347,263,278,-,-,-,-,-,-,-
200702월,291.8,200302월,"1,240",,200608월,169.7,,201009월,522.85,,200906월,223,259,261,268,246,257,-,-,-,-,-,-,-
200703월,297.9,200303월,"1,238",,200609월,172.49,,201010월,523.85,,200907월,188,211,224,230,194,209,-,-,-,-,-,-,-
200704월,314.3,200304월,"1,236",,200610월,171.06,,201011월,539.94,,200908월,173,189,205,224,188,198,-,-,-,-,-,-,-
200705월,336.4,200305월,"1,283",,200611월,178.39,,201012월,587.08,,200909월,112,158,165,222,148,155,-,-,-,-,-,-,-
200706월,343.1,200306월,"1,317",,200612월,178.26,,201101월,592.75,,200910월,103,149,153,165,115,149,-,-,-,-,-,-,-
200707월,369.9,200307월,"1,329",,200701월,170.96,,201102월,557.28,,200911월,98,134,146,173,114,153,-,-,-,-,-,-,-
200708월,348.4,200308월,"1,362",,200702월,178.59,,201103월,604.24,,200912월,59,81,100,145,94,128,-,-,-,-,-,-,-
200709월,359.8,200309월,"1,415",,200703월,182.26,,201104월,628.87,,201001월,59,105,117,151,78,135,-,-,-,-,-,-,-
200710월,372.1,200310월,"1,433",,200704월,191.65,,201105월,611.07,,201002월,50,101,100,154,69,126,-,-,-,-,-,-,-
200711월,344.7,200311월,"1,503",,200705월,208.11,,201106월,592.89,,201003월,27,76,93,138,56,98,-,-,-,-,-,-,-
200712월,344.2,200312월,"1,554",,200706월,213.08,,201107월,595.43,,201004월,164,66,76,128,169,82,-,-,-,-,-,-,-
200801월,279.3,200401월,"1,575",,200707월,235.74,,201108월,521.57,,201005월,223,135,152,187,209,138,-,-,-,-,-,-,-
200802월,282.2,200402월,"1,630",,200708월,229.65,,201109월,501.48,,201006월,226,146,165,208,220,155,-,-,-,-,-,-,-
200803월,278.1,200403월,"1,636",,200709월,241.45,,201110월,542.87,,201007월,197,123,136,183,204,131,-,-,-,-,-,-,-
200804월,304.4,200404월,"1,636",,200710월,254.43,,201111월,524.21,,201008월,169,110,109,163,179,104,-,-,-,-,-,-,-
200805월,307.8,200405월,"1,665",,200711월,235.33,,201112월,519.4,,201009월,150,87,104,152,169,97,-,-,-,-,-,-,-
200806월,274.1,200406월,"1,670",,200712월,235.96,,201201월,557.81,,201010월,154,85,104,154,168,95,-,-,-,-,-,-,-
200807월,254,200407월,"1,680",,200801월,204.7,,201202월,580.41,,201011월,172,114,128,194,194,129,-,-,-,-,-,-,-
200808월,237.1,200408월,"1,705",,200802월,212.24,,201203월,584.21,,201012월,175,90,121,165,184,100,-,-,-,-,-,-,-
200809월,225.4,200409월,"1,745",,200803월,214.14,,201204월,583.24,,201101월,172,207,235,168,188,101,-,-,-,-,-,-,-
200810월,175.4,200410월,"1,784",,200804월,231.46,,201205월,539.79,,201102월,163,206,233,166,187,98,-,-,-,-,-,-,-
200811월,166.2,200411월,"1,926",,200805월,234.14,,201206월,539.12,,201103월,151,192,218,167,170,99,-,-,-,-,-,-,-
200812월,169.6,200412월,"1,991",,200806월,209.58,,201207월,551.31,,201104월,132,180,209,167,165,110,-,-,-,-,-,-,-
200901월,175.7,200501월,"1,997",,200807월,200.34,,201208월,548.4,,201105월,115,155,189,167,155,94,-,-,-,-,-,-,-
200902월,159.5,200502월,"2,022",,200808월,184.48,,201209월,574.53,,201106월,117,160,187,167,151,100,-,-,-,-,-,-,-
200903월,178.7,200503월,"2,055",,200809월,183.15,,201210월,547.45,,201107월,119,150,178,167,162,93,-,-,-,-,-,-,-
200904월,203.3,200504월,"2,064",,200810월,145.6,,201211월,557.94,,201108월,139,167,196,167,180,120,-,-,-,-,-,-,-
200905월,212.7,200505월,"2,061",,200811월,138.26,,201212월,579.98,,201109월,199,242,233,167,251,195,-,-,-,-,-,-,-
200906월,216.9,200506월,"2,050",,200812월,143.3,,201301월,565.78,,201110월,144,167,174,167,206,121,-,-,-,-,-,-,-
200907월,254.3,200507월,"2,057",,200901월,148.27,,201302월,588.27,,201111월,153,174,179,167,203,130,-,-,-,-,-,-,-
200908월,263.3,200508월,"2,067",,200902월,135.23,,201303월,578.08,,201112월,165,171,178,167,207,144,-,-,-,-,-,-,-
200909월,286.4,200509월,"2,067",,200903월,154.53,,201304월,558.18,,201201월,162,169,189,167,181,144,-,-,-,-,-,-,-
200910월,273.1,200510월,"2,073",,200904월,174.37,,201305월,575.13,,201202월,144,162,173,167,175,127,-,-,-,-,-,-,-
200911월,273.7,200511월,"2,082",,200905월,177.05,,201306월,533.83,,201203월,131,148,161,-,160,119,-,-,-,-,-,-,-
200912월,296.8,200512월,"2,104",,200906월,177.46,,201307월,544.38,,201204월,112,134,139,-,144,109,-,-,-,-,-,-,-
201001월,281.9,200601월,"2,169",,200907월,202.19,,201308월,558.18,,201205월,110,135,136,-,142,119,-,-,-,-,-,-,-
201002월,277.6,200602월,"2,160",,200908월,207.52,,201309월,576.98,,201206월,102,126,129,-,145,128,-,-,-,-,-,-,-
201003월,300.8,200603월,"2,173",,200909월,219.64,,201310월,594.94,,201207월,96,111,113,-,128,105,-,-,-,-,-,-,-
201004월,315.8,200604월,"2,229",,200910월,205.92,,201311월,600.97,,201208월,81,98,101,-,111,50,-,-,-,-,-,-,-
201005월,294.4,200605월,"2,247",,200911월,204.41,,201312월,589.43,,201209월,76,85,86,-,84,60,-,-,-,-,-,-,-
201006월,301.9,200606월,"2,244",,200912월,222,,201401월,562.13,,201210월,70,74,75,-,59,39,-,-,-,-,-,-,-
201007월,316.6,200607월,"2,257",,201001월,210.35,,201402월,577.6,,201211월,65,70,72,-,52,25,-,-,-,-,-,-,-
201008월,311,200608월,"2,270",,201002월,208.01,,201403월,576.7,,201212월,63,71,72,-,46,35,-,-,-,-,-,-,-
201009월,335.6,200609월,"2,282",,201003월,221.81,,201404월,569.22,,201301월,-,65,65,-,74,124,-,-,-,-,-,-,-
201010월,340.4,200610월,"2,295",,201004월,228.57,,201405월,583.2,,201302월,-,60,64,-,75,122,-,-,-,-,-,-,-
201011월,351.1,200611월,"2,343",,201005월,214.46,,201406월,583.2,,201303월,-,70,72,-,80,124,-,-,-,-,-,-,-
201012월,386.2,200612월,"2,390",,201006월,220.72,,201407월,603.12,,201304월,-,79,82,-,91,126,-,-,-,-,-,-,-
201101월,387.8,200701월,"2,402",,201007월,230.01,,201408월,590.2,,201305월,-,83,83,-,100,123,-,-,-,-,-,-,-
201102월,363.6,200702월,"2,428",,201008월,227.36,,201409월,563.85,,201306월,-,80,84,-,110,160,-,-,-,-,-,-,-
201103월,395.2,200703월,"2,439",,201009월,243.19,,201410월,553.03,,201307월,-,73,76,-,119,143,-,-,-,-,-,-,-
201104월,411.8,200704월,"2,473",,201010월,242.82,,201411월,558.73,,201308월,-,57,59,-,125,134,-,-,-,-,-,-,-
201105월,401.7,200705월,"2,507",,201011월,250.49,,201412월,536.46,,201309월,-,49,55,-,117,114,-,-,-,-,-,-,-
201106월,392.3,200706월,"2,507",,201012월,273.61,,201501월,546.17,,201310월,-,40,43,-,116,97,77,-,-,-,-,-,-
201107월,398.3,200707월,"2,548",,201101월,276.44,,201502월,550.24,,201311월,-,29,33,-,95,94,70,-,-,-,-,-,-
201108월,349.8,200708월,"2,553",,201102월,259.82,,201503월,563.21,,201312월,-,21,29,-,97,92,69,-,-,-,-,-,-
201109월,338.8,200709월,"2,573",,201103월,282.71,,201504월,580.38,,201401월,-,-,-,-,83,97,78,-,-,-,-,-,-
201110월,367.1,200710월,"2,601",,201104월,293.82,,201505월,565.77,,201402월,-,-,-,-,76,82,72,-,-,-,-,-,-
201111월,354.6,200711월,"2,619",,201105월,285.79,,201506월,545.06,,201403월,-,-,-,-,68,59,58,-,-,-,-,-,-
201112월,350.9,200712월,"2,622",,201106월,277.58,,201507월,525.57,,201404월,-,-,-,-,64,58,53,-,-,-,-,-,-
201201월,379.7,200801월,"2,616",,201107월,279.58,,201508월,500.6,,201405월,-,-,-,-,55,51,50,-,-,-,-,-,-
201202월,395.5,200802월,"2,624",,201108월,244.97,,201509월,510.49,,201406월,-,-,-,-,44,39,37,-,-,-,-,-,-
201203월,400.6,200803월,"2,642",,201109월,234.76,,201510월,546.39,,201407월,-,-,-,-,50,35,39,-,-,-,-,40,-
201204월,402.1,200804월,"2,605",,201110월,254.25,,201511월,535.54,,201408월,-,-,-,-,40,38,38,-,-,-,-,40,-
201205월,367.8,200805월,"2,582",,201111월,246.12,,201512월,526.86,,201409월,-,-,-,-,35,40,44,-,-,-,-,41,-
201206월,369.4,200806월,"2,518",,201112월,243.69,,201601월,508.22,,201410월,-,-,-,-,36,41,42,-,-,-,-,39,-
201207월,379.6,200807월,"2,475",,201201월,262.75,,201602월,511.24,,201411월,-,-,-,-,35,40,43,-,-,-,-,41,-
201208월,383.5,200808월,"2,432",,201202월,274.37,,201603월,538.62,,201412월,-,-,-,-,-,43,48,-,-,-,-,45,-
201209월,405.4,200809월,"2,397",,201203월,274.54,,201604월,534.26,,201501월,-,-,-,-,-,40,50,-,-,-,-,55,-
201210월,387.4,200810월,"2,123",,201204월,273.97,,201605월,532.61,,201502월,-,-,-,-,-,38,48,-,-,-,-,53,-
201211월,393.3,200811월,"2,005",,201205월,253.79,,201606월,535.37,,201503월,-,-,-,-,-,38,47,-,-,-,-,47,-
201212월,410.2,200812월,"2,012",,201206월,253.4,,201607월,552.5,,201504월,-,-,-,-,-,35,47,-,-,-,-,45,-
201301월,401.9,200901월,"2,017",,201207월,259.45,,201608월,567.46,,201505월,-,-,-,-,-,34,46,-,-,-,-,47,-
201302월,420.5,200902월,"2,015",,201208월,258.97,,201609월,568.16,,201506월,-,-,-,-,-,34,46,-,-,-,-,47,-
201303월,412.2,200903월,"2,063",,201209월,271.31,,201610월,568.74,,201507월,-,-,-,-,-,33,48,-,-,-,-,44,-
201304월,399.3,200904월,"2,124",,201210월,258.63,,201611월,565.95,,201508월,-,-,-,-,-,37,54,-,-,-,-,47,-
201305월,413.7,200905월,"2,268",,201211월,263.43,,201612월,580.57,,201509월,-,-,-,-,-,43,57,-,-,-,-,47,-
201306월,377.9,200906월,"2,317",,201212월,274.67,,201701월,601.46,,201510월,-,-,-,-,-,35,52,-,-,-,-,41,-
201307월,385.3,200907월,"2,375",,201301월,267.97,,201702월,602.88,,201511월,-,-,-,-,-,33,45,-,-,-,-,38,-
201308월,396.6,200908월,"2,455",,201302월,278.42,,201703월,627.13,,201512월,-,-,-,-,-,29,43,-,-,-,-,37,-
201309월,416.8,200909월,"2,542",,201303월,272.75,,201704월,644.51,,201601월,-,-,-,-,-,96,46,-,-,-,-,40,-
201310월,437.3,200910월,"2,642",,201304월,263.36,,201705월,685.16,,201602월,-,-,-,-,-,99,43,-,-,-,-,41,-
201311월,442.4,200911월,"2,709",,201305월,270.08,,201706월,705.91,,201603월,-,-,-,-,-,97,38,-,-,-,-,34,-
201312월,430.6,200912월,"2,700",,201306월,251.1,,201707월,712.48,,201604월,-,-,-,-,-,87,33,-,-,-,-,20,-
201401월,412.5,201001월,"2,737",,201307월,257.24,,201708월,700.05,,201605월,-,-,-,-,-,70,23,-,-,-,-,14,-
201402월,425.2,201002월,"2,707",,201308월,262.48,,201709월,725.1,,201606월,-,-,-,-,-,67,25,-,-,-,-,18,-
201403월,424.6,201003월,"2,723",,201309월,272,,201710월,768.88,,201607월,-,-,-,-,-,63,22,-,-,-,-,18,-
201404월,424.2,201004월,"2,789",,201310월,278.81,,201711월,746.85,,201608월,-,-,-,-,-,61,19,-,-,-,-,12,-
201405월,436.9,201005월,"2,702",,201311월,281.42,,201712월,748.78,,201609월,-,-,-,-,-,58,21,-,-,-,-,13,-
201406월,437.2,201006월,"2,742",,201312월,275.8,,201801월,773.59,,201610월,-,-,-,-,-,57,19,-,-,-,-,14,-
201407월,459.5,201007월,"2,860",,201401월,263.31,,201802월,733,,201611월,-,-,-,-,-,55,25,-,-,-,-,21,-
201408월,455.1,201008월,"2,854",,201402월,269.11,,201803월,738.41,,201612월,-,-,-,-,-,54,25,-,-,-,-,24,-
201409월,437.2,201009월,"2,898",,201403월,268.67,,201804월,760.23,,201701월,-,-,-,-,-,60,73,-,55,-,-,25,-
201410월,430.1,201010월,"2,933",,201404월,265.4,,201805월,727.06,,201702월,-,-,-,-,-,60,74,-,53,-,-,25,-
201411월,438,201011월,"2,902",,201405월,271.06,,201806월,699.61,,201703월,-,-,-,-,-,65,74,-,55,-,-,24,-
201412월,422.3,201012월,"2,916",,201406월,271.72,,201807월,691.44,,201704월,-,-,-,-,-,66,78,-,66,-,-,30,-
201501월,433.5,201101월,"2,960",,201407월,281.76,,201808월,700.89,,201705월,-,-,-,-,-,68,81,-,67,-,-,34,-
201502월,436.8,201102월,"2,977",,201408월,277.04,,201809월,699.73,,201706월,-,-,-,-,-,67,82,-,68,-,-,28,-
201503월,451.3,201103월,"2,986",,201409월,266.91,,201810월,615.76,,201707월,-,-,-,-,-,63,78,-,69,-,-,30,-
201504월,470.3,201104월,"3,072",,201410월,260.08,,201811월,626.01,,201708월,-,-,-,-,-,64,82,-,74,-,-,28,-
201505월,461.4,201105월,"3,051",,201411월,262.26,,201812월,604.06,,201709월,-,-,-,-,-,74,83,-,81,-,-,40,-
201506월,444.6,201106월,"3,045",,201412월,251.17,,201901월,664.16,,201710월,-,-,-,-,-,67,80,-,67,-,-,44,-
201507월,430.2,201107월,"3,110",,201501월,255.67,,201902월,658.19,,201711월,-,-,-,-,-,69,79,-,61,-,-,53,-
201508월,405.2,201108월,"3,112",,201502월,257.95,,201903월,642.74,,201712월,-,-,-,-,-,55,76,-,60,-,-,51,-
201509월,413.8,201109월,"3,034",,201503월,263.07,,201904월,664.15,,201801월,-,-,-,-,-,50,60,-,47,-,-,48,-
201510월,441.3,201110월,"3,110",,201504월,271.94,,201905월,614.03,,201802월,-,-,-,-,-,49,56,-,52,-,-,52,-
201511월,430.2,201111월,"3,086",,201505월,264.69,,201906월,645.79,,201803월,-,-,-,-,-,46,61,-,66,-,-,60,-
201512월,420.4,201112월,"3,064",,201506월,255.7,,201907월,620.75,,201804월,-,-,-,-,-,-,63,-,66,-,-,65,-
201601월,403.6,201201월,"3,113",,201507월,247.49,,201908월,603.6,,201805월,-,-,-,-,-,-,66,-,68,-,-,72,-
201602월,407.3,201202월,"3,158",,201508월,235.53,,201909월,637.36,,201806월,-,-,-,-,-,-,63,-,64,-,-,74,-
201603월,432.5,201203월,"3,160",,201509월,240.46,,201910월,648.34,,201807월,-,-,-,-,-,-,66,-,68,-,-,77,-
201604월,432.2,201204월,"3,168",,201510월,256.54,,201911월,648.36,,201808월,-,-,-,-,-,-,65,-,70,-,-,80,-
201605월,433.4,201205월,"3,109",,201511월,251.65,,201912월,691.12,,201809월,-,-,-,-,-,-,60,-,62,58,-,75,73
201606월,437.4,201206월,"3,124",,201512월,247.28,,202001월,674.34,,201810월,-,-,-,-,-,-,61,-,60,61,-,73,72
201607월,454.7,201207월,"3,144",,201601월,238.34,,202002월,636.97,,201811월,-,-,-,-,-,-,58,-,61,65,-,76,81
201608월,466.7,201208월,"3,169",,201602월,240.04,,202003월,563,,201812월,-,-,-,-,-,-,63,-,66,72,-,81,91
201609월,469.6,201209월,"3,220",,201603월,253.21,,202004월,609.65,,201901월,-,-,-,-,-,-,51,-,60,69,-,74,83
201610월,468.3,201210월,"3,235",,201604월,251.78,,202005월,633.55,,201902월,-,-,-,-,-,-,48,-,59,65,-,67,77
201611월,469.1,201211월,"3,261",,201605월,250.74,,202006월,663.54,,201903월,-,-,-,-,-,-,40,-,53,57,-,66,71
201612월,480.8,201212월,"3,270",,201606월,252.12,,202007월,704.84,,201904월,-,-,-,-,-,-,34,-,54,58,-,62,66
201701월,501.1,201301월,"3,289",,201607월,260.41,,202008월,717.4,,201905월,-,-,-,-,-,-,31,-,51,55,-,62,68
201702월,502.4,201302월,"3,274",,201608월,267.26,,202009월,726.69,,201906월,-,-,-,-,-,-,31,31,50,51,52,60,61
201703월,528.2,201303월,"3,274",,201609월,267.2,,202010월,709.59,,201907월,-,-,-,-,-,-,30,32,48,49,50,57,56
201704월,545.6,201304월,"3,288",,201610월,267.37,,202011월,815.75,,201908월,-,-,-,-,-,-,35,37,51,53,57,59,62
201705월,581,201305월,"3,281",,201611월,265.82,,202012월,925.97,,201909월,-,-,-,-,-,-,37,37,52,54,57,59,60
201706월,597.3,201306월,"3,264",,201612월,272.38,,202101월,958.92,,201910월,-,-,-,-,-,-,37,38,52,53,55,56,55
201707월,605.7,201307월,"3,297",,201701월,282.09,,202102월,965.03,,201911월,-,-,-,-,-,-,37,35,50,50,52,52,49
201708월,595.9,201308월,"3,311",,201702월,283,,202103월,973.1,,201912월,-,-,-,-,-,-,37,36,49,48,47,49,48
201709월,613,201309월,"3,369",,201703월,293.86,,202104월,984.81,,202001월,-,-,-,-,-,-,40,35,49,46,46,48,48
201710월,650.9,201310월,"3,432",,201704월,302.33,,202105월,987.75,,202002월,-,-,-,-,-,-,44,40,49,51,53,52,52
201711월,634.4,201311월,"3,450",,201705월,321.42,,202106월,"1,013.67",,202003월,-,-,-,-,-,-,58,76,83,85,89,82,83
201712월,634.7,201312월,"3,465",,201706월,330.96,,202107월,976.26,,202004월,-,-,-,-,-,-,68,79,84,85,86,86,83
201801월,657.7,201401월,"3,484",,201707월,334.07,,202108월,968.39,,202005월,-,-,-,-,-,-,67,79,83,85,86,82,83
201802월,621.1,201402월,"3,518",,201708월,327.76,,202109월,922.65,,202006월,-,-,-,-,-,-,57,70,74,76,76,75,75
201803월,625.2,201403월,"3,543",,201709월,339.69,,202110월,889.57,,202007월,-,-,-,-,-,-,48,62,64,67,68,71,72
201804월,643.8,201404월,"3,559",,201710월,360.02,,202111월,862.72,,202008월,-,-,-,-,-,-,40,50,54,56,56,67,67
201805월,623.9,201405월,"3,609",,201711월,350.44,,202112월,911.53,,202009월,-,-,-,-,-,-,37,45,44,50,49,65,66
201806월,596.9,201406월,"3,666",,201712월,351.44,,202201월,829.88,,202010월,-,-,-,-,-,-,29,43,40,44,45,64,65
201807월,592.7,201407월,"3,680",,201801월,363.58,,202202월,832.19,,202011월,-,-,-,-,-,-,19,37,33,37,37,61,61
201808월,599.8,201408월,"3,675",,201802월,343.72,,202203월,836.81,,202012월,-,-,-,-,-,-,14,33,30,32,33,59,58
201809월,597,201409월,"3,644",,201803월,345.85,,202204월,812.29,,202101월,-,-,-,-,-,-,-,39,64,27,27,53,54
201810월,524.6,201410월,"3,637",,201804월,356.01,,202205월,814.54,,202102월,-,-,-,-,-,-,-,35,50,24,23,52,53
201811월,532.9,201411월,"3,631",,201805월,340.02,,202206월,706.72,,202103월,-,-,-,-,-,-,-,39,48,21,23,51,52
201812월,509.7,201412월,"3,636",,201806월,327.38,,202207월,748.12,,202104월,-,-,-,-,-,-,-,30,49,22,24,51,51
201901월,567.2,201501월,"3,622",,201807월,324.28,,202208월,744.58,,202105월,-,-,-,-,-,-,-,40,45,21,24,51,52
201902월,563.7,201502월,"3,624",,201808월,327.96,,202209월,649.07,,202106월,-,-,-,-,-,-,-,37,41,18,19,47,48
201903월,554.6,201503월,"3,628",,201809월,327.63,,202210월,700.21,,202107월,-,-,-,-,-,-,-,33,39,18,20,46,47
201904월,575.9,201504월,"3,699",,201810월,288.51,,202211월,708.21,,202108월,-,-,-,-,-,-,-,34,38,16,18,46,46
201905월,532.4,201505월,"3,715",,201811월,294.1,,,,,202109월,-,-,-,-,-,-,22,33,37,16,18,46,46
201906월,559.8,201506월,"3,747",,201812월,283.45,,,,,202110월,-,-,-,-,-,-,-,30,35,15,17,46,46
201907월,543.3,201507월,"3,708",,201901월,311.89,,,,,202111월,-,-,-,-,-,-,-,31,36,17,17,49,50
201908월,526.5,201508월,"3,679",,201902월,308.88,,,,,202112월,-,-,-,-,-,-,-,29,33,15,17,47,48
201909월,555.8,201509월,"3,681",,201903월,301.22,,,,,202201월,-,-,-,-,-,-,-,32,33,21,24,49,49
201910월,560.6,201510월,"3,696",,201904월,310.94,,,,,202202월,-,-,-,-,-,-,-,34,35,32,27,51,52
201911월,558.4,201511월,"3,685",,201905월,287.61,,,,,202203월,-,-,-,-,-,-,-,32,36,41,32,54,54
201912월,593.2,201512월,"3,680",,201906월,302.26,,,,,202204월,-,-,-,-,-,-,-,31,40,46,35,59,59
202001월,581.5,201601월,"3,676",,201907월,290.28,,,,,202205월,-,-,-,-,-,-,-,33,39,48,38,65,68
202002월,545.1,201602월,"3,658",,201908월,282.46,,,,,202206월,-,-,-,-,-,-,-,33,41,50,39,67,68
202003월,468.7,201603월,"3,698",,201909월,298.38,,,,,202207월,-,-,-,-,-,-,-,35,40,49,42,72,73
202004월,505,201604월,"3,725",,201910월,303.51,,,,,202208월,-,-,-,-,-,-,-,31,43,46,39,74,75
202005월,520.6,201605월,"3,709",,201911월,303.37,,,,,202209월,-,-,-,-,-,-,-,33,43,45,39,77,78
202006월,541.6,201606월,"3,699",,201912월,323.06,,,,,202210월,-,-,-,-,-,-,-,41,51,52,42,81,82
202007월,583.5,201607월,"3,714",,202001월,314.7,,,,,,,,,,,,,,,,,,
202008월,589.2,201608월,"3,755",,202002월,297.21,,,,,,,,,,,,,,,,,,
202009월,598.4,201609월,"3,778",,202003월,262.67,,,,,,,,,,,,,,,,,,
202010월,584.8,201610월,"3,752",,202004월,284.5,,,,,,,,,,,,,,,,,,
202011월,675.2,201611월,"3,720",,202005월,295.73,,,,,,,,,,,,,,,,,,
202012월,764.3,201612월,"3,711",,202006월,309.84,,,,,,,,,,,,,,,,,,
202101월,787.9,201701월,"3,740",,202007월,330.05,,,,,,,,,,,,,,,,,,
202102월,797.5,201702월,"3,739",,202008월,336.67,,,,,,,,,,,,,,,,,,
202103월,805.3,201703월,"3,753",,202009월,340.15,,,,,,,,,,,,,,,,,,
202104월,822.4,201704월,"3,766",,202010월,332.2,,,,,,,,,,,,,,,,,,
202105월,820.2,201705월,"3,785",,202011월,383.13,,,,,,,,,,,,,,,,,,
202106월,842.3,201706월,"3,806",,202012월,435.29,,,,,,,,,,,,,,,,,,
202107월,811,201707월,"3,838",,202101월,454.17,,,,,,,,,,,,,,,,,,
202108월,797.9,201708월,"3,848",,202102월,458.25,,,,,,,,,,,,,,,,,,
202109월,769.2,201709월,"3,847",,202103월,463.06,,,,,,,,,,,,,,,,,,
202110월,742.7,201710월,"3,845",,202104월,469.66,,,,,,,,,,,,,,,,,,
202111월,733.4,201711월,"3,873",,202105월,473.36,,,,,,,,,,,,,,,,,,
202112월,783.2,201712월,"3,893",,202106월,484.82,,,,,,,,,,,,,,,,,,
202201월,721.4,201801월,"3,957",,202107월,467.72,,,,,,,,,,,,,,,,,,
202202월,723.8,201802월,"3,948",,202108월,463.46,,,,,,,,,,,,,,,,,,
202203월,724.2,201803월,"3,968",,202109월,442.84,,,,,,,,,,,,,,,,,,
202204월,695.7,201804월,"3,984",,202110월,427.57,,,,,,,,,,,,,,,,,,
202205월,695.3,201805월,"3,990",,202111월,412.69,,,,,,,,,,,,,,,,,,
202206월,593,201806월,"4,003",,202112월,437.16,,,,,,,,,,,,,,,,,,
202207월,629.9,201807월,"4,025",,202201월,398.2,,,,,,,,,,,,,,,,,,
202208월,629.9,201808월,"4,011",,202202월,400.51,,,,,,,,,,,,,,,,,,
202209월,593,201809월,"4,030",,202203월,402.77,,,,,,,,,,,,,,,,,,
,,201810월,"4,028",,202204월,391.28,,,,,,,,,,,,,,,,,,
,,201811월,"4,030",,202205월,392.18,,,,,,,,,,,,,,,,,,
,,201812월,"4,037",,202206월,340.45,,,,,,,,,,,,,,,,,,
,,201901월,"4,055",,202207월,359.64,,,,,,,,,,,,,,,,,,
,,201902월,"4,047",,202208월,358.5,,,,,,,,,,,,,,,,,,
,,201903월,"4,053",,202209월,312.36,,,,,,,,,,,,,,,,,,
,,201904월,"4,040",,202210월,335.8,,,,,,,,,,,,,,,,,,
,,201905월,"4,020",,202211월,340.2,,,,,,,,,,,,,,,,,,
,,201906월,"4,031",,,,,,,,,,,,,,,,,,,,,
,,201907월,"4,031",,,,,,,,,,,,,,,,,,,,,
,,201908월,"4,015",,,,,,,,,,,,,,,,,,,,,
,,201909월,"4,033",,,,,,,,,,,,,,,,,,,,,
,,201910월,"4,063",,,,,,,,,,,,,,,,,,,,,
,,201911월,"4,075",,,,,,,,,,,,,,,,,,,,,
,,201912월,"4,088",,,,,,,,,,,,,,,,,,,,,
,,202001월,"4,097",,,,,,,,,,,,,,,,,,,,,
,,202002월,"4,092",,,,,,,,,,,,,,,,,,,,,
,,202003월,"4,002",,,,,,,,,,,,,,,,,,,,,
,,202004월,"4,040",,,,,,,,,,,,,,,,,,,,,
,,202005월,"4,073",,,,,,,,,,,,,,,,,,,,,
,,202006월,"4,108",,,,,,,,,,,,,,,,,,,,,
,,202007월,"4,165",,,,,,,,,,,,,,,,,,,,,
,,202008월,"4,190",,,,,,,,,,,,,,,,,,,,,
,,202009월,"4,206",,,,,,,,,,,,,,,,,,,,,
,,202010월,"4,265",,,,,,,,,,,,,,,,,,,,,
,,202011월,"4,364",,,,,,,,,,,,,,,,,,,,,
,,202012월,"4,431",,,,,,,,,,,,,,,,,,,,,
,,202101월,"4,427",,,,,,,,,,,,,,,,,,,,,
,,202102월,"4,476",,,,,,,,,,,,,,,,,,,,,
,,202103월,"4,461",,,,,,,,,,,,,,,,,,,,,
,,202104월,"4,523",,,,,,,,,,,,,,,,,,,,,
,,202105월,"4,565",,,,,,,,,,,,,,,,,,,,,
,,202106월,"4,541",,,,,,,,,,,,,,,,,,,,,
,,202107월,"4,587",,,,,,,,,,,,,,,,,,,,,
,,202108월,"4,639",,,,,,,,,,,,,,,,,,,,,
,,202109월,"4,640",,,,,,,,,,,,,,,,,,,,,
,,202110월,"4,692",,,,,,,,,,,,,,,,,,,,,
,,202111월,"4,639",,,,,,,,,,,,,,,,,,,,,
,,202112월,"4,631",,,,,,,,,,,,,,,,,,,,,
,,202201월,"4,615",,,,,,,,,,,,,,,,,,,,,
,,202202월,"4,618",,,,,,,,,,,,,,,,,,,,,
,,202203월,"4,578",,,,,,,,,,,,,,,,,,,,,
,,202204월,"4,493",,,,,,,,,,,,,,,,,,,,,
,,202205월,"4,477",,,,,,,,,,,,,,,,,,,,,
,,202206월,"4,383",,,,,,,,,,,,,,,,,,,,,
,,202207월,"4,386",,,,,,,,,,,,,,,,,,,,,
,,202208월,"4,364",,,,,,,,,,,,,,,,,,,,,
,,202209월,"4,168",,,,,,,,,,,,,,,,,,,,,
,,202210월,"4,140",,,,,,,,,,,,,,,,,,,,,
